,Player,Pos,Salary,Country,Age,Tm,G,GS,MP,PER,TS%,3PAr,FTr,ORB%,DRB%,TRB%,AST%,STL%,BLK%,TOV%,USG%,OWS,DWS,WS,WS/48,OBPM,DBPM,BPM,VORP,FG,FGA,FG%,3P,3PA,3P%,2P,2PA,2P%,eFG%,FT,FTA,FT%,ORB,DRB,TRB,AST,STL,BLK,TOV,PF,PTS
1,Aaron Brooks,PG,2116955,USA,32,IND,65,0,894,9.5,0.507,0.42700000000000005,0.133,2.3,6.3,4.3,20.7,1.4,0.9,17.2,19.2,-0.2,0.5,0.3,0.016,-2.1,-2.6,-4.6,-0.6,121,300,0.40299999999999997,48,128,0.375,73,172,0.424,0.483,32,40,0.8,18,51,69,125,25,9,66,93,322
2,Aaron Gordon,SF,5504420,USA,21,ORL,80,72,2298,14.4,0.53,0.309,0.251,5.3,14.1,9.6,10.5,1.4,1.4,8.5,20.1,2.0,1.7,3.7,0.076,-0.2,-0.4,-0.7,0.8,393,865,0.45399999999999996,77,267,0.28800000000000003,316,598,0.528,0.499,156,217,0.7190000000000001,116,289,405,150,64,40,89,172,1019
3,Aaron Harrison,SG,83129,USA,22,CHO,5,0,17,-2.2,0.102,0.5,0.5,0.0,19.5,9.7,22.6,0.0,0.0,0.0,12.9,-0.1,0.0,-0.1,-0.146,-9.6,-2.1,-11.6,0.0,0,4,0.0,0,2,0.0,0,2,0.0,0.0,1,2,0.5,0,3,3,3,0,0,0,2,1
4,Al Horford,C,27734405,Dominican Rep...,30,BOS,68,68,2193,17.7,0.5529999999999999,0.302,0.16899999999999998,4.9,18.6,11.8,24.4,1.2,3.3,11.9,19.8,3.6,2.7,6.3,0.13699999999999998,1.0,2.1,3.1,2.8,379,801,0.473,86,242,0.355,293,559,0.524,0.527,108,135,0.8,95,369,464,337,52,87,116,138,952
5,Al Jefferson,C,9769821,USA,32,IND,66,1,931,18.9,0.526,0.002,0.18,9.2,24.2,16.8,11.0,1.0,1.5,6.1,26.1,1.2,1.1,2.3,0.11900000000000001,-1.5,-1.5,-3.1,-0.3,235,471,0.499,0,1,0.0,235,470,0.5,0.499,65,85,0.765,75,203,278,57,19,16,33,125,535
6,Alan Williams,C,6000000,USA,24,PHO,47,0,708,19.5,0.547,0.004,0.419,14.0,31.2,22.4,5.2,1.8,3.7,10.5,20.9,1.1,0.9,2.1,0.142,-1.8,0.2,-1.7,0.1,138,267,0.517,0,1,0.0,138,266,0.519,0.517,70,112,0.625,94,198,292,23,27,32,37,125,346
7,Alec Burks,SG,10845506,USA,25,UTA,42,0,653,11.6,0.501,0.306,0.315,3.1,17.7,10.6,7.5,1.4,0.6,11.0,22.7,-0.1,0.9,0.8,0.055999999999999994,-3.3,-0.9,-4.2,-0.4,99,248,0.39899999999999997,25,76,0.32899999999999996,74,172,0.43,0.45,60,78,0.769,17,103,120,30,18,5,35,50,283
8,Alex Abrines,SG,5725000,Spain,23,OKC,68,6,1055,10.1,0.56,0.7240000000000001,0.14400000000000002,1.9,7.1,4.5,5.5,1.7,0.6,8.3,15.9,1.2,0.9,2.1,0.095,-0.3,-2.2,-2.5,-0.1,134,341,0.39299999999999996,94,247,0.381,40,94,0.426,0.531,44,49,0.898,18,68,86,40,37,8,33,114,406
9,Alex Len,C,4187599,Ukraine,23,PHO,77,34,1560,15.0,0.5529999999999999,0.026000000000000002,0.449,10.6,25.3,17.8,4.2,1.1,5.1,15.5,17.6,1.2,1.7,3.0,0.091,-3.0,1.2,-1.8,0.1,230,463,0.49700000000000005,3,12,0.25,227,451,0.503,0.5,150,208,0.721,156,354,510,44,37,98,102,242,613
10,Alex Poythress,PF,778668,USA,23,PHI,6,1,157,13.2,0.5479999999999999,0.35200000000000004,0.185,7.7,12.7,10.2,5.1,0.9,1.0,4.9,16.9,0.2,0.1,0.3,0.099,-0.6,-1.9,-2.5,0.0,25,54,0.46299999999999997,6,19,0.316,19,35,0.5429999999999999,0.519,8,10,0.8,11,18,29,5,3,2,3,14,64
11,Al-Farouq Aminu,SF,7319035,USA,26,POR,61,25,1773,11.3,0.506,0.455,0.292,4.8,23.5,14.1,7.9,1.7,2.0,15.2,15.4,-0.1,2.0,1.9,0.051,-2.3,1.2,-1.1,0.4,183,466,0.39299999999999996,70,212,0.33,113,254,0.445,0.46799999999999997,96,136,0.706,77,374,451,99,60,44,94,102,532
12,Allen Crabbe,SG,19332500,USA,24,POR,79,7,2254,11.6,0.602,0.467,0.192,0.9,10.2,5.5,6.1,1.2,0.7,8.1,14.9,3.1,1.0,4.1,0.08800000000000001,0.3,-1.4,-1.1,0.5,303,647,0.46799999999999997,134,302,0.444,169,345,0.49,0.5720000000000001,105,124,0.847,19,206,225,93,54,20,62,171,845
13,Amir Johnson,PF,11000000,USA,29,BOS,80,77,1608,15.0,0.628,0.17800000000000002,0.27,8.2,17.0,12.6,13.0,1.6,3.2,15.7,13.6,2.9,2.1,5.0,0.149,-0.2,2.4,2.2,1.7,213,370,0.5760000000000001,27,66,0.409,186,304,0.612,0.612,67,100,0.67,117,248,365,140,52,62,77,211,520
14,Andre Drummond,C,23775506,USA,23,DET,81,81,2409,20.9,0.518,0.008,0.39,15.1,36.3,25.3,5.9,2.6,3.1,12.5,22.4,1.4,5.3,6.7,0.133,-2.1,2.9,0.8,1.7,483,911,0.53,2,7,0.28600000000000003,481,904,0.532,0.531,137,355,0.386,345,771,1116,89,124,89,152,237,1105
15,Andre Iguodala,SF,14814815,USA,33,GSW,76,0,1998,14.4,0.624,0.42700000000000005,0.24600000000000002,3.0,13.1,8.3,16.7,1.8,1.5,11.2,11.2,4.1,2.9,6.9,0.16699999999999998,1.3,1.7,3.0,2.5,219,415,0.528,64,177,0.36200000000000004,155,238,0.6509999999999999,0.605,72,102,0.706,51,253,304,262,76,39,58,97,574
16,Andre Roberson,SF,9259259,USA,25,OKC,79,79,2376,9.6,0.51,0.397,0.24,4.6,14.2,9.4,4.6,1.9,2.7,9.1,10.1,1.1,3.1,4.2,0.085,-2.1,2.1,0.0,1.2,215,463,0.46399999999999997,45,184,0.245,170,279,0.609,0.513,47,111,0.423,98,304,402,79,94,79,51,204,522
17,Andrew Bogut,C,2328652,Australia,32,TOT,27,21,583,9.3,0.46,0.012,0.136,10.6,33.9,21.7,12.3,1.2,3.9,33.4,10.4,-0.3,1.0,0.7,0.055,-5.6,5.3,-0.3,0.3,38,81,0.469,0,1,0.0,38,80,0.475,0.469,3,11,0.273,56,162,218,49,13,25,43,86,79
18,Andrew Harrison,PG,1312611,USA,22,MEM,72,18,1474,8.7,0.47700000000000004,0.433,0.539,1.7,9.0,5.3,20.0,1.9,1.3,16.0,16.4,0.0,1.5,1.6,0.051,-2.4,0.0,-2.5,-0.2,117,360,0.325,43,156,0.276,74,204,0.363,0.385,148,194,0.763,23,113,136,198,54,20,85,194,425
19,Andrew Wiggins,SF,7574322,Canada,21,MIN,82,82,3048,16.5,0.534,0.184,0.345,3.9,8.8,6.3,10.6,1.4,0.8,9.4,29.0,3.3,0.9,4.2,0.066,0.2,-2.9,-2.7,-0.6,709,1570,0.452,103,289,0.35600000000000004,606,1281,0.473,0.484,412,542,0.76,103,226,329,189,82,30,187,183,1933
20,Anthony Davis,C,23775506,USA,23,NOP,75,75,2708,27.5,0.579,0.08800000000000001,0.424,6.7,27.9,17.3,11.1,1.7,5.1,9.1,32.6,5.9,5.1,11.0,0.196,1.4,2.3,3.7,3.9,770,1527,0.504,40,134,0.299,730,1393,0.524,0.517,519,647,0.802,174,712,886,157,94,167,181,168,2099
21,Anthony Tolliver,PF,3290000,USA,31,SAC,65,9,1477,11.1,0.595,0.655,0.23399999999999999,4.0,14.5,9.3,7.7,1.1,1.2,12.6,13.6,1.5,0.8,2.3,0.075,0.2,-0.8,-0.6,0.5,155,351,0.442,90,230,0.391,65,121,0.537,0.57,61,82,0.7440000000000001,51,188,239,77,33,20,56,109,461
23,Arron Afflalo,SG,2328652,USA,31,SAC,61,45,1580,9.0,0.5589999999999999,0.36,0.221,0.7,8.4,4.6,7.4,0.7,0.4,8.4,14.4,1.2,0.2,1.4,0.043,-1.4,-2.0,-3.5,-0.6,185,420,0.44,62,151,0.41100000000000003,123,269,0.457,0.514,83,93,0.892,9,116,125,78,21,7,42,104,515
24,Austin Rivers,SG,11825000,USA,24,LAC,74,29,2054,11.4,0.545,0.409,0.261,1.1,7.5,4.4,15.0,1.2,0.4,12.4,20.3,1.2,1.3,2.5,0.059000000000000004,-0.1,-1.5,-1.6,0.2,323,731,0.442,111,299,0.371,212,432,0.491,0.518,132,191,0.691,20,141,161,204,48,10,115,187,889
25,Avery Bradley,SG,8808989,USA,26,BOS,55,55,1835,14.4,0.5479999999999999,0.35700000000000004,0.12,4.0,16.2,10.1,10.9,1.8,0.5,9.7,21.9,1.1,2.0,3.1,0.08,-0.2,-0.4,-0.5,0.7,359,775,0.46299999999999997,108,277,0.39,251,498,0.504,0.5329999999999999,68,93,0.731,65,269,334,121,68,11,88,141,894
26,Ben McLemore,SG,5200000,USA,23,SAC,61,26,1176,9.8,0.5379999999999999,0.406,0.222,1.9,10.8,6.4,6.9,1.2,0.5,11.9,20.1,-0.1,0.5,0.4,0.015,-2.1,-2.7,-4.8,-0.8,180,419,0.43,65,170,0.382,115,249,0.462,0.507,70,93,0.753,19,111,130,51,29,6,62,108,495
28,Blake Griffin,PF,29512900,USA,27,LAC,61,61,2076,22.7,0.569,0.11599999999999999,0.434,6.1,20.2,13.4,24.5,1.4,0.9,10.9,28.0,5.4,2.4,7.7,0.179,3.2,1.3,4.4,3.4,479,971,0.493,38,113,0.336,441,858,0.514,0.513,320,421,0.76,111,385,496,300,58,23,142,157,1316
30,Bobby Brown,PG,1524305,USA,32,HOU,25,0,123,10.8,0.509,0.583,0.033,0.0,5.3,2.7,17.6,0.4,0.0,7.6,22.7,0.1,0.0,0.1,0.04,-1.5,-6.1,-7.6,-0.2,23,60,0.38299999999999995,14,35,0.4,9,25,0.36,0.5,2,2,1.0,0,6,6,14,1,0,5,5,62
31,Bobby Portis,PF,1516320,USA,21,CHI,64,13,1000,14.9,0.545,0.256,0.157,8.0,24.0,16.0,5.7,0.8,0.9,8.4,19.1,1.1,1.2,2.4,0.114,-1.6,-1.5,-3.1,-0.3,183,375,0.488,32,96,0.33299999999999996,151,279,0.541,0.531,39,59,0.6609999999999999,75,221,296,35,16,11,37,94,437
32,Bojan Bogdanovic,SF,10500000,Croatia,27,TOT,81,54,2083,13.5,0.585,0.46399999999999997,0.28800000000000003,1.9,12.3,7.2,8.7,0.8,0.3,12.0,22.4,2.0,0.9,2.9,0.067,-0.1,-2.8,-2.8,-0.4,376,845,0.445,144,392,0.36700000000000005,232,453,0.512,0.53,217,243,0.893,37,240,277,111,34,7,130,146,1113
33,Bradley Beal,SG,23775506,USA,23,WAS,77,77,2684,20.1,0.604,0.418,0.259,2.2,7.8,5.0,16.2,1.5,0.7,9.6,26.5,6.8,1.6,8.5,0.151,4.5,-2.4,2.2,2.8,637,1322,0.48200000000000004,223,552,0.40399999999999997,414,770,0.5379999999999999,0.5660000000000001,282,342,0.825,53,186,239,267,83,21,157,169,1779
34,Brandan Wright,PF,5179760,USA,29,MEM,28,5,447,18.5,0.628,0.006999999999999999,0.259,7.7,12.4,10.0,6.0,1.3,4.3,6.2,16.3,1.1,0.5,1.6,0.177,0.0,1.3,1.3,0.4,83,135,0.615,0,1,0.0,83,134,0.619,0.615,23,35,0.657,31,47,78,15,11,20,10,42,189
35,Brandon Ingram,SF,5519400,USA,19,LAL,79,40,2279,8.5,0.474,0.273,0.312,2.8,12.8,7.6,10.5,1.1,1.3,12.9,16.8,-1.0,0.7,-0.3,-0.006999999999999999,-3.1,-0.7,-3.8,-1.1,276,686,0.402,55,187,0.294,221,499,0.44299999999999995,0.442,133,214,0.621,60,257,317,166,50,36,116,158,740
36,Brandon Jennings,PG,238020,USA,27,TOT,81,13,1802,12.1,0.479,0.47100000000000003,0.284,1.8,10.1,5.9,30.4,1.9,0.2,17.5,17.6,0.7,1.0,1.7,0.046,-0.8,-2.2,-3.0,-0.4,192,535,0.359,79,252,0.313,113,283,0.39899999999999997,0.433,114,152,0.75,29,167,196,395,70,5,128,116,577
37,Briante Weber,PG,83129,USA,24,TOT,20,0,205,11.0,0.462,0.16699999999999998,0.267,4.3,9.6,7.0,15.0,2.9,0.4,10.7,16.3,0.0,0.2,0.3,0.059000000000000004,-3.2,0.0,-3.2,-0.1,25,60,0.41700000000000004,1,10,0.1,24,50,0.48,0.425,11,16,0.688,8,18,26,21,12,1,8,16,62
39,Brook Lopez,C,22642350,USA,28,BRK,75,75,2222,20.4,0.578,0.33,0.311,5.8,13.3,9.6,14.8,0.8,4.2,12.1,29.2,3.1,1.8,4.9,0.105,1.9,-0.4,1.5,2.0,555,1172,0.474,134,387,0.34600000000000003,421,785,0.536,0.531,295,364,0.81,121,282,403,176,38,124,184,192,1539
41,Bryn Forbes,SG,1312611,USA,23,SAS,36,0,285,5.9,0.462,0.535,0.061,0.8,8.2,4.6,11.7,0.2,0.0,9.8,17.9,-0.2,0.2,0.1,0.013999999999999999,-3.2,-2.8,-6.0,-0.3,36,99,0.364,17,53,0.321,19,46,0.413,0.449,5,6,0.833,2,21,23,23,1,0,11,20,94
42,Buddy Hield,SG,3675480,Bahamas,23,TOT,82,55,1888,11.8,0.54,0.493,0.099,2.0,13.5,7.8,10.3,1.0,0.4,11.2,21.4,0.0,1.3,1.3,0.032,-0.9,-1.9,-2.8,-0.4,327,768,0.426,148,379,0.391,179,389,0.46,0.522,64,76,0.8420000000000001,35,234,269,121,38,9,101,115,866
43,C.J. McCollum,SG,23962573,USA,25,POR,80,80,2796,19.9,0.585,0.305,0.204,2.4,9.2,5.8,18.0,1.3,1.2,9.9,27.5,6.2,1.4,7.6,0.131,3.3,-2.2,1.0,2.1,692,1441,0.48,185,440,0.42,507,1001,0.506,0.544,268,294,0.912,60,231,291,285,72,42,172,202,1837
44,C.J. Miles,SF,7936509,USA,29,IND,76,29,1776,13.7,0.5920000000000001,0.632,0.14400000000000002,1.9,12.4,7.2,4.1,1.3,1.2,5.5,18.4,2.7,1.4,4.0,0.109,1.5,-2.1,-0.5,0.7,281,647,0.434,169,409,0.413,112,238,0.47100000000000003,0.565,84,93,0.903,30,199,229,48,46,25,40,151,815
45,Cameron Payne,PG,2203440,USA,22,TOT,31,0,462,5.6,0.40700000000000003,0.446,0.040999999999999995,0.7,10.7,5.7,17.7,1.5,0.9,12.9,20.9,-0.8,0.4,-0.3,-0.034,-4.8,-2.1,-6.9,-0.6,64,193,0.332,27,86,0.314,37,107,0.34600000000000003,0.402,5,8,0.625,3,45,48,55,14,5,29,52,160
46,Caris LeVert,SF,1632480,USA,22,BRK,57,26,1237,12.2,0.556,0.484,0.245,2.0,13.9,8.0,13.7,1.9,0.5,12.3,16.6,0.8,1.0,1.8,0.07,-0.7,-0.4,-1.1,0.3,171,380,0.45,59,184,0.321,112,196,0.5710000000000001,0.528,67,93,0.72,23,165,188,110,49,8,59,91,468
47,Carmelo Anthony,SF,26243760,USA,32,NYK,74,74,2538,17.9,0.535,0.303,0.263,2.6,15.9,9.3,14.5,1.2,1.1,9.0,29.1,3.2,1.5,4.7,0.08900000000000001,1.5,-2.2,-0.7,0.8,602,1389,0.433,151,421,0.359,451,968,0.466,0.488,304,365,0.833,62,374,436,213,60,34,153,198,1659
48,Chandler Parsons,SF,23112004,USA,28,MEM,34,34,675,7.6,0.436,0.419,0.19399999999999998,1.0,13.6,7.1,12.8,1.5,0.7,9.1,17.8,-0.5,0.7,0.2,0.016,-3.6,-0.5,-4.0,-0.3,75,222,0.33799999999999997,25,93,0.26899999999999996,50,129,0.38799999999999996,0.39399999999999996,35,43,0.8140000000000001,6,78,84,55,20,5,24,52,210
49,Channing Frye,C,7420912,USA,33,CLE,74,15,1398,15.6,0.612,0.644,0.142,3.0,19.3,11.4,4.9,1.2,2.1,8.8,19.3,2.3,1.4,3.7,0.125,0.8,-1.5,-0.6,0.5,238,520,0.45799999999999996,137,335,0.409,101,185,0.546,0.589,63,74,0.851,37,253,290,45,33,37,53,138,676
51,Chris McCullough,PF,1471382,USA,21,TOT,16,0,80,15.2,0.526,0.21899999999999997,0.156,12.1,13.3,12.7,4.4,1.2,1.9,8.1,19.9,0.1,0.1,0.1,0.07200000000000001,-2.0,-2.6,-4.6,-0.1,16,32,0.5,1,7,0.14300000000000002,15,25,0.6,0.516,3,5,0.6,9,10,19,2,2,2,3,7,36
52,Chris Paul,PG,24599495,USA,31,LAC,61,61,1921,26.2,0.614,0.385,0.331,2.5,14.9,8.8,46.8,3.1,0.3,14.0,24.4,8.0,2.6,10.6,0.264,7.8,1.0,8.7,5.2,374,785,0.47600000000000003,124,302,0.41100000000000003,250,483,0.518,0.555,232,260,0.892,41,263,304,563,118,8,147,146,1104
54,Cody Zeller,PF,12584270,USA,24,CHO,62,58,1725,16.7,0.604,0.002,0.442,8.6,17.3,12.9,9.1,1.8,3.0,10.9,15.5,3.4,2.2,5.6,0.157,-0.2,2.3,2.1,1.8,253,443,0.5710000000000001,0,1,0.0,253,442,0.5720000000000001,0.5710000000000001,133,196,0.679,135,270,405,99,62,58,65,189,639
56,Corey Brewer,SF,7579366,USA,30,TOT,82,11,1281,9.1,0.491,0.33899999999999997,0.195,2.7,11.5,7.1,10.7,2.3,1.2,12.7,14.3,0.0,1.2,1.2,0.045,-2.9,0.2,-2.7,-0.2,147,348,0.42200000000000004,27,118,0.22899999999999998,120,230,0.522,0.461,50,68,0.735,32,134,166,97,61,19,55,133,371
57,Cory Joseph,SG,7630000,Canada,25,TOR,80,22,2003,13.2,0.518,0.204,0.185,2.9,10.4,6.6,20.0,1.7,0.6,13.1,18.4,1.7,1.7,3.4,0.08199999999999999,-0.4,-0.4,-0.8,0.6,299,661,0.452,48,135,0.35600000000000004,251,526,0.47700000000000004,0.489,94,122,0.77,51,184,235,265,66,13,108,140,740
58,Courtney Lee,SG,11747890,USA,31,NYK,77,74,2459,12.1,0.5589999999999999,0.382,0.139,2.3,9.1,5.7,10.6,1.6,0.8,8.5,14.4,3.1,1.1,4.2,0.081,0.5,-0.7,-0.2,1.1,321,704,0.456,108,269,0.401,213,435,0.49,0.5329999999999999,85,98,0.867,53,207,260,179,81,23,69,141,835
60,D.J. Augustin,PG,7250000,USA,29,ORL,78,20,1538,11.0,0.524,0.53,0.311,1.0,7.4,4.1,20.4,1.0,0.1,13.3,19.4,0.7,0.5,1.2,0.038,-0.9,-3.3,-4.2,-0.9,195,517,0.377,95,274,0.34700000000000003,100,243,0.41200000000000003,0.469,131,161,0.8140000000000001,15,102,117,209,31,1,90,101,616
62,Damian Lillard,PG,26153057,USA,26,POR,75,75,2694,24.1,0.586,0.38799999999999996,0.366,1.9,13.3,7.6,28.7,1.3,0.6,10.2,31.5,8.8,1.5,10.3,0.184,6.4,-2.0,4.3,4.3,661,1488,0.444,214,578,0.37,447,910,0.491,0.516,488,545,0.895,46,322,368,439,68,20,197,152,2024
63,D'Angelo Russell,PG,5562360,USA,20,LAL,63,60,1811,15.3,0.518,0.44299999999999995,0.217,1.8,11.9,6.7,26.8,2.3,0.7,15.6,26.6,0.3,1.0,1.3,0.034,1.1,-1.6,-0.5,0.7,351,867,0.405,135,384,0.35200000000000004,216,483,0.447,0.483,147,188,0.782,31,191,222,303,87,16,176,130,984
64,Danilo Gallinari,SF,20559599,Italy,28,DEN,63,63,2134,17.4,0.622,0.43200000000000005,0.516,2.0,14.7,8.4,9.1,0.9,0.5,8.1,19.9,6.2,0.7,6.9,0.154,2.9,-2.1,0.8,1.5,335,750,0.447,126,324,0.389,209,426,0.491,0.531,349,387,0.902,39,287,326,135,40,15,81,93,1145
65,Danny Green,SG,10000000,USA,29,SAS,68,68,1807,10.2,0.537,0.693,0.071,2.0,11.8,7.0,9.6,2.0,2.6,14.1,13.5,0.4,3.0,3.4,0.09,-0.3,2.7,2.4,2.0,176,449,0.392,118,311,0.379,58,138,0.42,0.523,27,32,0.8440000000000001,31,193,224,124,71,58,76,120,497
66,Dante Cunningham,SF,2300000,USA,29,NOP,66,35,1649,10.2,0.586,0.504,0.075,3.6,14.2,8.9,3.1,1.2,1.4,7.0,10.7,1.4,1.6,3.0,0.08800000000000001,-1.3,0.8,-0.5,0.6,174,359,0.485,71,181,0.392,103,178,0.579,0.584,16,27,0.593,56,221,277,36,39,28,28,100,435
67,Dante Exum,PG,4992385,Australia,21,UTA,66,26,1228,8.6,0.521,0.41,0.201,2.9,9.3,6.2,14.2,0.9,0.8,16.8,18.1,-0.1,1.3,1.2,0.047,-2.0,-0.5,-2.5,-0.1,155,363,0.42700000000000005,44,149,0.295,111,214,0.519,0.488,58,73,0.795,30,102,132,112,21,12,80,146,412
68,Dario Saric,PF,2422560,Croatia,22,PHI,81,36,2129,12.8,0.508,0.368,0.237,5.8,20.8,13.3,14.3,1.3,1.1,15.2,24.6,-1.2,2.2,1.0,0.023,-2.0,-0.2,-2.2,-0.1,381,927,0.41100000000000003,106,341,0.311,275,586,0.469,0.46799999999999997,172,220,0.782,112,401,513,182,57,30,183,162,1040
69,Darrell Arthur,PF,7464912,USA,28,DEN,41,7,639,12.8,0.583,0.544,0.102,4.4,14.9,9.7,9.3,1.5,2.5,13.8,17.3,0.6,0.4,1.1,0.081,0.3,-0.6,-0.3,0.3,95,215,0.442,53,117,0.45299999999999996,42,98,0.429,0.565,19,22,0.8640000000000001,25,87,112,42,19,21,36,76,262
70,Darren Collison,PG,10000000,USA,29,SAC,68,64,2063,15.3,0.57,0.245,0.239,1.3,7.2,4.3,24.5,1.6,0.4,12.6,19.8,3.1,0.8,3.9,0.091,0.8,-2.3,-1.5,0.3,340,714,0.47600000000000003,73,175,0.41700000000000004,267,539,0.495,0.527,147,171,0.86,23,130,153,312,67,9,114,119,900
71,David Nwaba,SG,1312611,USA,24,LAL,20,2,397,12.1,0.611,0.062,0.48100000000000004,4.3,13.1,8.5,5.0,1.6,1.4,10.1,11.8,0.6,0.2,0.7,0.09,-1.7,-0.3,-2.0,0.0,47,81,0.58,1,5,0.2,46,76,0.605,0.586,25,39,0.6409999999999999,16,46,62,14,13,7,11,36,120
72,David West,C,2328652,USA,36,GSW,68,0,854,16.6,0.5710000000000001,0.032,0.222,6.4,18.8,13.0,24.1,2.4,4.4,22.0,17.9,0.9,1.7,2.6,0.14800000000000002,-1.7,3.9,2.2,0.9,135,252,0.536,3,8,0.375,132,244,0.541,0.542,43,56,0.768,47,156,203,151,42,48,78,105,316
73,Davis Bertans,PF,1312611,Latvia,24,SAS,67,6,808,12.9,0.609,0.7390000000000001,0.145,3.2,10.6,6.9,8.3,1.3,2.8,11.4,15.7,1.1,1.2,2.3,0.135,1.2,0.5,1.7,0.8,103,234,0.44,69,173,0.39899999999999997,34,61,0.557,0.588,28,34,0.8240000000000001,22,77,99,46,20,28,32,75,303
74,DeAndre' Bembry,SF,1567200,USA,22,ATL,38,1,371,8.8,0.48100000000000004,0.184,0.163,4.2,13.1,8.7,11.5,1.1,1.2,13.2,14.2,-0.1,0.4,0.3,0.038,-4.4,0.1,-4.3,-0.2,47,98,0.48,1,18,0.055999999999999994,46,80,0.575,0.485,6,16,0.375,14,45,59,28,8,5,16,21,101
75,DeAndre Jordan,C,22642350,USA,28,LAC,81,81,2570,21.8,0.6729999999999999,0.003,0.737,13.3,34.6,24.2,5.7,1.0,4.3,13.2,15.3,7.2,4.6,11.8,0.22,1.0,3.0,4.0,3.9,412,577,0.7140000000000001,0,2,0.0,412,575,0.7170000000000001,0.7140000000000001,205,425,0.48200000000000004,297,817,1114,96,52,135,116,212,1029
76,DeAndre Liggins,SG,1577230,USA,28,TOT,62,19,777,7.5,0.47600000000000003,0.324,0.282,2.9,12.2,7.7,9.2,3.0,1.5,20.8,11.6,-0.4,0.9,0.5,0.031,-3.9,1.8,-2.1,0.0,55,142,0.387,17,46,0.37,38,96,0.396,0.447,25,40,0.625,20,88,108,54,47,14,42,81,152
77,Dejounte Murray,PG,1312611,USA,20,SAS,38,8,322,9.6,0.503,0.198,0.259,2.2,12.4,7.4,22.6,1.3,1.5,22.7,23.5,-0.4,0.5,0.0,0.004,-4.6,-0.2,-4.8,-0.2,50,116,0.431,9,23,0.391,41,93,0.441,0.47,21,30,0.7,6,36,42,48,8,6,38,29,130
78,Delon Wright,PG,1645200,USA,24,TOR,27,0,446,15.0,0.535,0.259,0.474,4.1,8.1,6.1,18.2,3.1,2.1,15.1,16.6,0.5,0.6,1.1,0.11699999999999999,-0.1,1.2,1.1,0.4,49,116,0.42200000000000004,10,30,0.33299999999999996,39,86,0.45299999999999996,0.466,42,55,0.764,16,32,48,57,27,11,25,31,150
79,DeMar DeRozan,SG,27739975,USA,27,TOR,74,74,2620,24.0,0.552,0.08,0.419,3.0,13.6,8.3,20.6,1.5,0.4,9.0,34.3,6.7,2.4,9.0,0.166,2.4,-1.5,0.9,1.9,721,1545,0.467,33,124,0.266,688,1421,0.484,0.47700000000000004,545,647,0.8420000000000001,70,316,386,290,78,13,180,134,2020
80,DeMarcus Cousins,C,18063850,USA,26,TOT,72,72,2465,25.7,0.562,0.254,0.46799999999999997,7.1,29.2,18.2,25.8,2.0,3.3,13.5,36.5,3.8,3.8,7.6,0.149,3.9,2.6,6.6,5.3,647,1433,0.452,131,364,0.36,516,1069,0.483,0.49700000000000005,517,670,0.772,153,644,797,332,100,92,269,278,1942
81,DeMarre Carroll,SF,14800000,USA,30,TOR,72,72,1882,11.9,0.531,0.583,0.213,3.8,12.7,8.3,5.7,2.2,1.2,8.3,15.5,1.7,2.1,3.8,0.09699999999999999,0.6,0.4,1.0,1.4,220,549,0.401,109,320,0.341,111,229,0.485,0.5,89,117,0.7609999999999999,63,212,275,74,81,27,54,143,638
82,Demetrius Jackson,PG,92858,USA,22,BOS,5,0,17,30.8,0.753,0.25,1.5,13.2,13.0,13.1,28.2,0.0,0.0,0.0,17.3,0.1,0.0,0.1,0.386,9.2,-2.8,6.4,0.0,3,4,0.75,1,1,1.0,2,3,0.667,0.875,3,6,0.5,2,2,4,3,0,0,0,0,10
83,Dennis Schroder,PG,15500000,Germany,23,ATL,79,78,2485,16.1,0.5329999999999999,0.242,0.21,1.9,9.0,5.5,35.5,1.5,0.6,16.3,27.8,1.2,2.5,3.7,0.071,0.7,-1.4,-0.7,0.8,548,1215,0.451,100,294,0.34,448,921,0.486,0.49200000000000005,218,255,0.855,42,206,248,499,74,16,258,149,1414
84,Denzel Valentine,SG,2186400,USA,23,CHI,57,0,976,7.3,0.49200000000000005,0.722,0.063,1.2,15.6,8.3,9.3,1.5,0.6,14.2,15.4,-0.5,1.1,0.6,0.031,-2.4,-0.4,-2.8,-0.2,102,288,0.354,73,208,0.35100000000000003,29,80,0.363,0.48100000000000004,14,18,0.778,11,140,151,63,30,7,49,86,291
85,Derrick Favors,PF,12000000,USA,25,UTA,50,39,1186,15.8,0.512,0.024,0.261,9.2,20.2,14.9,7.9,2.0,2.7,11.4,20.7,0.5,2.2,2.7,0.109,-2.4,2.3,-0.1,0.6,203,417,0.48700000000000004,3,10,0.3,200,407,0.491,0.49,67,109,0.615,92,213,305,56,45,40,60,103,476
86,Derrick Jones,SF,1312611,USA,19,PHO,32,8,545,12.0,0.604,0.091,0.33899999999999997,7.6,8.2,7.9,3.1,1.2,1.9,8.6,11.7,0.9,0.2,1.1,0.098,-0.5,-0.5,-1.1,0.1,68,121,0.562,3,11,0.273,65,110,0.591,0.574,29,41,0.7070000000000001,39,40,79,12,14,13,13,63,168
87,Derrick Rose,PG,2116955,USA,28,NYK,64,64,2082,17.0,0.53,0.061,0.259,3.4,9.3,6.4,22.8,1.1,0.7,11.9,25.7,2.4,0.6,3.0,0.068,0.2,-2.2,-1.9,0.0,460,977,0.47100000000000003,13,60,0.217,447,917,0.48700000000000004,0.47700000000000004,221,253,0.8740000000000001,66,180,246,283,44,17,147,84,1154
88,Derrick Williams,PF,104059,USA,25,TOT,50,11,804,10.6,0.537,0.39799999999999996,0.365,2.6,15.1,8.9,5.1,0.9,0.7,9.0,17.2,0.4,0.6,1.1,0.064,-2.4,-1.8,-4.2,-0.4,108,244,0.44299999999999995,30,97,0.309,78,147,0.531,0.504,58,89,0.652,19,111,130,28,14,7,28,60,304
89,Devin Booker,SG,2319360,USA,20,PHO,78,78,2730,14.6,0.531,0.28300000000000003,0.308,1.8,8.3,5.0,16.3,1.3,0.6,12.9,28.6,1.4,0.6,2.0,0.035,0.4,-2.7,-2.3,-0.2,606,1431,0.423,147,405,0.363,459,1026,0.447,0.475,367,441,0.8320000000000001,46,203,249,268,72,21,241,242,1726
90,Devin Harris,PG,4402546,USA,33,DAL,65,0,1087,13.8,0.5489999999999999,0.519,0.37799999999999995,1.1,13.0,6.8,20.0,2.1,0.6,12.5,19.7,1.1,1.1,2.2,0.096,-0.1,-0.3,-0.4,0.4,136,341,0.39899999999999997,58,177,0.32799999999999996,78,164,0.47600000000000003,0.484,107,129,0.8290000000000001,11,116,127,136,43,7,57,101,437
93,Dion Waiters,SG,11000000,USA,25,MIA,46,43,1384,14.5,0.507,0.324,0.192,1.4,11.0,6.2,23.8,1.5,1.1,12.5,26.3,0.2,1.5,1.6,0.057,0.0,-0.8,-0.8,0.4,281,663,0.424,85,215,0.395,196,448,0.43799999999999994,0.488,82,127,0.6459999999999999,18,136,154,200,41,20,103,95,729
94,Dirk Nowitzki,PF,5000000,Germany,38,DAL,54,54,1424,17.0,0.529,0.308,0.165,1.8,28.3,14.4,10.6,1.1,2.4,6.6,25.8,0.6,1.9,2.5,0.084,-1.6,0.3,-1.3,0.2,296,678,0.43700000000000006,79,209,0.37799999999999995,217,469,0.46299999999999997,0.495,98,112,0.875,23,330,353,82,30,38,51,113,769
95,Domantas Sabonis,PF,2550000,Lithuania,20,OKC,81,66,1632,6.9,0.469,0.331,0.139,3.0,16.4,9.7,7.2,1.2,1.6,14.0,15.4,-1.0,1.8,0.7,0.022000000000000002,-4.7,-0.1,-4.9,-1.2,192,481,0.39899999999999997,51,159,0.321,141,322,0.43799999999999994,0.452,44,67,0.657,45,242,287,82,39,32,83,200,479
96,Dorian Finney-Smith,PF,1312611,USA,23,DAL,81,35,1642,7.7,0.486,0.574,0.183,3.7,12.3,7.8,6.0,1.6,1.4,11.1,11.6,-0.1,1.5,1.4,0.040999999999999995,-2.8,1.3,-1.5,0.2,124,333,0.37200000000000005,56,191,0.293,68,142,0.479,0.456,46,61,0.754,55,166,221,67,52,25,45,125,350
97,Doug McDermott,SF,3294994,USA,25,TOT,66,5,1508,10.7,0.5539999999999999,0.41600000000000004,0.16899999999999998,1.4,11.5,6.4,5.9,0.4,0.3,6.6,16.4,1.6,1.0,2.6,0.083,-1.2,-2.3,-3.5,-0.6,222,497,0.447,77,207,0.37200000000000005,145,290,0.5,0.524,71,84,0.845,20,159,179,58,13,5,38,79,592
98,Dragan Bender,PF,4468800,Croatia,19,PHO,43,0,574,5.3,0.44,0.627,0.068,4.2,15.6,9.7,5.5,0.8,3.1,16.2,14.4,-0.7,0.3,-0.3,-0.028999999999999998,-4.0,-0.3,-4.3,-0.3,57,161,0.354,28,101,0.27699999999999997,29,60,0.483,0.441,4,11,0.364,23,80,103,23,10,22,32,74,146
99,Draymond Green,PF,16400000,USA,26,GSW,76,76,2471,16.5,0.522,0.405,0.32799999999999996,4.6,20.9,13.3,27.6,3.0,3.4,19.8,16.2,2.8,5.4,8.2,0.16,0.4,5.0,5.4,4.6,272,650,0.418,81,263,0.308,191,387,0.494,0.48100000000000004,151,213,0.7090000000000001,98,501,599,533,154,106,184,217,776
100,Dwight Howard,C,23500000,USA,31,ATL,74,74,2199,20.8,0.627,0.003,0.6920000000000001,15.0,31.7,23.5,7.8,1.4,3.6,17.5,19.2,3.8,4.5,8.3,0.18100000000000002,-0.5,2.8,2.3,2.4,388,613,0.633,0,2,0.0,388,611,0.635,0.633,226,424,0.5329999999999999,296,644,940,104,64,92,170,203,1002
101,Dwight Powell,C,9003125,Canada,25,DAL,77,3,1333,17.6,0.588,0.196,0.374,7.7,19.5,13.3,6.1,2.4,2.6,7.2,16.7,2.7,1.9,4.6,0.165,-0.5,1.9,1.4,1.2,194,377,0.515,21,74,0.284,173,303,0.5710000000000001,0.542,107,141,0.759,93,213,306,49,61,39,34,135,516
102,Dwyane Wade,SG,15550000,USA,35,CHI,60,59,1792,18.5,0.508,0.152,0.294,3.8,12.6,8.2,22.4,2.4,1.8,11.3,29.6,0.9,2.5,3.4,0.09,0.4,0.6,1.0,1.4,414,955,0.434,45,145,0.31,369,810,0.456,0.457,223,281,0.794,64,207,271,229,86,41,138,112,1096
104,Elfrid Payton,PG,3332340,USA,22,ORL,82,58,2412,17.2,0.52,0.16,0.231,3.9,13.8,8.7,35.7,1.8,1.3,15.0,21.6,2.4,2.0,4.4,0.08800000000000001,0.7,0.2,0.9,1.7,430,912,0.47100000000000003,40,146,0.27399999999999997,390,766,0.509,0.493,146,211,0.6920000000000001,89,298,387,529,88,40,178,177,1046
105,Emmanuel Mudiay,PG,3381480,Democratic Re...,20,DEN,55,41,1406,10.9,0.483,0.32299999999999995,0.303,2.3,11.6,7.0,21.8,1.4,0.7,16.5,22.6,-0.4,0.5,0.2,0.006,-2.0,-1.8,-3.8,-0.6,208,551,0.377,56,178,0.315,152,373,0.408,0.428,131,167,0.784,29,149,178,217,41,13,123,95,603
106,Enes Kanter,C,20566802,Turkey,24,OKC,72,0,1533,23.7,0.599,0.052000000000000005,0.387,14.1,20.8,17.4,7.9,1.0,2.0,12.5,27.3,4.0,1.8,5.8,0.183,0.6,-1.9,-1.2,0.3,402,737,0.545,5,38,0.132,397,699,0.568,0.5489999999999999,224,285,0.7859999999999999,195,287,482,67,32,38,123,154,1033
107,Eric Bledsoe,PG,14500000,USA,27,PHO,66,66,2176,20.6,0.563,0.3,0.44299999999999995,2.5,13.8,8.0,31.1,2.0,1.2,15.3,28.1,4.0,1.4,5.4,0.11900000000000001,3.7,-0.4,3.3,2.9,449,1034,0.434,104,310,0.335,345,724,0.47700000000000004,0.485,388,458,0.847,52,268,320,418,92,31,223,164,1390
108,Eric Gordon,SG,12943020,USA,28,HOU,75,15,2323,13.1,0.557,0.6509999999999999,0.172,1.4,8.1,4.7,12.3,1.0,1.4,10.0,22.1,2.5,1.4,3.8,0.079,1.0,-2.4,-1.4,0.4,412,1016,0.406,246,661,0.37200000000000005,166,355,0.46799999999999997,0.527,147,175,0.84,29,172,201,188,48,40,121,150,1217
109,Ersan Ilyasova,PF,6000000,Turkey,29,TOT,82,52,2142,14.6,0.546,0.452,0.233,5.9,18.8,12.4,11.0,1.3,0.9,10.6,22.2,1.8,2.3,4.1,0.091,0.3,-0.8,-0.5,0.8,384,890,0.431,142,402,0.353,242,488,0.496,0.511,161,207,0.778,115,366,481,141,58,23,116,211,1071
110,E'Twaun Moore,SG,8445024,USA,27,NOP,73,22,1820,12.1,0.537,0.336,0.12,1.9,6.9,4.4,13.8,1.3,1.4,8.7,17.4,1.2,1.5,2.7,0.07,-0.8,-0.5,-1.3,0.3,283,619,0.457,77,208,0.37,206,411,0.501,0.519,57,74,0.77,33,119,152,164,50,32,62,131,700
111,Evan Fournier,SG,17000000,France,24,ORL,68,66,2234,13.9,0.555,0.387,0.298,2.1,8.3,5.1,14.8,1.5,0.1,11.8,23.5,1.7,1.1,2.8,0.059000000000000004,0.8,-2.2,-1.3,0.4,408,930,0.439,128,360,0.35600000000000004,280,570,0.491,0.508,223,277,0.805,44,165,209,202,66,4,141,180,1167
112,Evan Turner,SF,17131148,USA,28,POR,65,12,1658,11.4,0.491,0.214,0.187,2.4,14.2,8.3,18.4,1.6,1.2,14.3,18.5,0.0,1.2,1.2,0.035,-2.5,-0.1,-2.6,-0.3,235,552,0.426,31,118,0.263,204,434,0.47,0.45399999999999996,85,103,0.825,36,211,247,205,53,24,100,121,586
113,Frank Kaminsky,C,2847600,USA,23,CHO,75,16,1954,13.0,0.502,0.441,0.195,3.2,15.8,9.5,13.5,1.2,1.5,8.0,21.8,0.4,1.9,2.3,0.055999999999999994,-0.8,-0.7,-1.5,0.2,320,802,0.39899999999999997,116,354,0.32799999999999996,204,448,0.455,0.47100000000000003,118,156,0.7559999999999999,57,279,336,162,47,34,76,139,874
114,Fred VanVleet,PG,1312611,USA,22,TOR,37,0,294,10.5,0.44299999999999995,0.261,0.198,1.5,14.6,8.1,17.5,2.9,0.6,11.1,20.6,-0.1,0.4,0.3,0.040999999999999995,-3.1,-0.1,-3.2,-0.1,39,111,0.35100000000000003,11,29,0.379,28,82,0.341,0.401,18,22,0.818,4,38,42,35,17,2,15,36,107
115,Garrett Temple,SG,8000000,USA,30,SAC,65,21,1728,11.2,0.545,0.509,0.171,2.2,10.0,6.1,14.5,2.5,1.5,14.4,14.2,0.9,1.3,2.2,0.062,-0.3,0.6,0.3,1.0,183,432,0.424,82,220,0.373,101,212,0.47600000000000003,0.519,58,74,0.784,32,151,183,169,84,28,78,141,506
116,Gary Harris,SG,2550055,USA,22,DEN,57,56,1782,16.5,0.611,0.4,0.21,3.0,8.0,5.5,13.6,1.9,0.3,9.8,18.4,3.9,0.7,4.6,0.124,3.1,-1.6,1.5,1.6,320,637,0.502,107,255,0.42,213,382,0.5579999999999999,0.586,104,134,0.7759999999999999,48,130,178,164,71,8,76,92,851
117,Gary Payton,PG,50000,USA,24,MIL,6,0,99,4.5,0.413,0.409,0.22699999999999998,0.0,14.0,7.1,18.1,1.5,3.6,29.2,15.8,-0.3,0.1,-0.2,-0.07400000000000001,-7.3,0.6,-6.7,-0.1,8,22,0.364,1,9,0.111,7,13,0.5379999999999999,0.386,3,5,0.6,0,12,12,13,3,4,10,9,20
118,George Hill,PG,20000000,USA,30,UTA,49,49,1544,19.3,0.599,0.384,0.32299999999999995,1.8,10.5,6.2,22.6,1.7,0.6,10.9,23.5,4.0,1.9,5.9,0.182,3.8,-0.3,3.6,2.2,289,606,0.47700000000000004,94,233,0.40299999999999997,195,373,0.523,0.5539999999999999,157,196,0.8009999999999999,23,144,167,203,50,11,85,114,829
119,Georges Niang,PF,100000,USA,23,IND,23,0,93,0.1,0.285,0.33299999999999996,0.055999999999999994,2.4,17.9,10.3,7.5,1.6,0.0,11.9,20.2,-0.4,0.1,-0.3,-0.168,-9.9,-2.2,-12.1,-0.2,9,36,0.25,1,12,0.083,8,24,0.33299999999999996,0.264,2,2,1.0,2,15,17,5,3,0,5,6,21
120,Georgios Papagiannis,C,2301360,Greece,19,SAC,22,0,355,12.7,0.573,0.02,0.13699999999999998,7.9,19.9,14.0,9.0,0.4,4.4,18.2,16.9,0.1,0.3,0.4,0.057999999999999996,-3.5,0.8,-2.7,-0.1,56,102,0.5489999999999999,0,2,0.0,56,100,0.56,0.5489999999999999,12,14,0.857,24,62,86,20,3,17,24,44,124
121,Gerald Green,SF,947248,USA,31,BOS,47,0,538,12.0,0.524,0.478,0.177,3.6,13.9,8.8,9.8,0.8,1.1,9.1,22.7,0.1,0.4,0.6,0.051,-1.9,-2.7,-4.7,-0.4,95,232,0.409,39,111,0.35100000000000003,56,121,0.46299999999999997,0.494,33,41,0.805,17,68,85,33,9,7,25,48,262
122,Giannis Antetokounmpo,SF,22471910,Greece,22,MIL,80,80,2845,26.1,0.599,0.14300000000000002,0.486,5.9,22.6,14.3,26.6,2.3,4.7,13.3,28.3,7.9,4.5,12.4,0.21,4.1,3.5,7.6,6.9,656,1259,0.521,49,180,0.272,607,1079,0.563,0.541,471,612,0.77,142,558,700,434,131,151,234,246,1832
123,Glenn Robinson,SF,1524305,USA,23,IND,69,27,1426,11.5,0.564,0.37,0.225,4.5,14.6,9.6,4.7,1.4,1.2,9.1,12.8,1.3,1.2,2.5,0.085,-1.2,-0.2,-1.4,0.2,158,338,0.467,49,125,0.392,109,213,0.512,0.54,54,76,0.711,57,188,245,47,41,20,37,63,419
124,Goran Dragic,PG,17000450,Slovenia,30,MIA,73,73,2459,19.7,0.575,0.257,0.335,2.7,9.9,6.3,29.0,1.8,0.4,14.1,27.1,5.0,2.6,7.5,0.147,3.4,-0.7,2.7,2.9,534,1124,0.475,117,289,0.405,417,835,0.499,0.527,298,377,0.79,61,217,278,423,89,13,212,199,1483
125,Gordon Hayward,SF,29727900,USA,26,UTA,73,73,2516,22.2,0.595,0.324,0.371,2.3,15.4,9.0,18.2,1.5,0.6,9.4,27.6,7.1,3.3,10.4,0.19899999999999998,4.2,0.0,4.2,4.0,545,1156,0.47100000000000003,149,374,0.39799999999999996,396,782,0.506,0.536,362,429,0.8440000000000001,49,344,393,252,73,20,140,117,1601
126,Gorgui Dieng,PF,14112360,Senegal,27,MIN,82,82,2653,14.2,0.555,0.065,0.253,8.1,20.5,14.2,8.6,1.7,3.1,12.7,14.0,3.2,2.5,5.7,0.10300000000000001,-0.5,2.2,1.7,2.5,332,661,0.502,16,43,0.37200000000000005,316,618,0.511,0.514,136,167,0.8140000000000001,188,459,647,158,88,95,107,254,816
127,Greg Monroe,C,17884176,USA,26,MIL,81,0,1823,21.1,0.5720000000000001,0.006,0.32899999999999996,10.8,23.1,17.0,17.3,2.6,1.8,14.4,24.3,3.0,2.6,5.6,0.147,0.5,1.5,2.0,1.9,387,726,0.5329999999999999,0,4,0.0,387,722,0.536,0.5329999999999999,177,239,0.741,167,365,532,187,92,38,140,168,951
128,Harrison Barnes,PF,23112004,USA,24,DAL,79,79,2803,16.3,0.541,0.17300000000000001,0.22,3.7,13.2,8.2,7.8,1.2,0.5,6.8,25.3,2.5,2.1,4.6,0.079,-0.7,-1.2,-1.9,0.1,599,1280,0.46799999999999997,78,222,0.35100000000000003,521,1058,0.49200000000000005,0.498,242,281,0.861,94,303,397,117,66,15,102,128,1518
130,Henry Ellenson,PF,1780800,USA,20,DET,19,2,146,7.5,0.444,0.547,0.125,5.8,25.6,15.3,7.2,0.3,0.6,17.2,24.7,-0.4,0.2,-0.2,-0.071,-5.8,-2.4,-8.2,-0.2,23,64,0.359,10,35,0.28600000000000003,13,29,0.44799999999999995,0.43799999999999994,4,8,0.5,8,33,41,7,1,1,14,6,60
131,Ian Clark,SG,1577230,USA,25,GSW,77,0,1137,13.1,0.575,0.376,0.134,2.3,9.1,5.9,11.2,1.7,0.6,10.7,19.5,1.0,1.3,2.3,0.099,-0.6,-1.4,-2.0,0.0,211,433,0.48700000000000004,61,163,0.374,150,270,0.556,0.5579999999999999,44,58,0.759,22,100,122,90,39,8,55,77,527
133,Iman Shumpert,SG,10337079,USA,26,CLE,76,31,1937,9.0,0.536,0.534,0.184,2.3,9.9,6.2,7.8,1.6,1.1,12.9,13.9,0.7,1.4,2.0,0.05,-1.3,0.0,-1.3,0.3,201,489,0.41100000000000003,94,261,0.36,107,228,0.469,0.507,71,90,0.789,39,180,219,109,62,27,78,150,567
134,Isaiah Canaan,SG,1069308,USA,25,CHI,39,0,592,8.1,0.483,0.5429999999999999,0.191,1.1,7.9,4.5,9.0,1.9,0.1,9.6,15.3,0.0,0.5,0.5,0.044000000000000004,-2.2,-1.2,-3.4,-0.2,63,173,0.364,25,94,0.266,38,79,0.48100000000000004,0.436,30,33,0.909,6,43,49,37,22,1,20,35,181
135,Isaiah Taylor,PG,1312611,USA,22,HOU,4,0,52,0.3,0.19,0.28600000000000003,0.28600000000000003,2.1,4.2,3.1,7.1,0.9,1.6,0.0,6.4,-0.1,0.0,0.0,-0.027999999999999997,-6.4,-0.1,-6.6,-0.1,1,7,0.14300000000000002,0,2,0.0,1,5,0.2,0.14300000000000002,1,2,0.5,1,2,3,3,1,1,0,6,3
136,Isaiah Thomas,PG,6261395,USA,27,BOS,76,76,2569,26.5,0.625,0.439,0.441,1.9,7.0,4.4,32.6,1.4,0.4,10.7,34.0,10.9,1.6,12.6,0.235,8.8,-3.3,5.5,4.8,682,1473,0.46299999999999997,245,646,0.379,437,827,0.528,0.546,590,649,0.909,43,162,205,449,70,13,210,167,2199
137,Isaiah Whitehead,PG,1312611,USA,21,BRK,73,26,1643,7.5,0.48700000000000004,0.293,0.222,2.1,9.7,5.9,17.7,1.2,1.7,20.3,18.2,-1.7,0.9,-0.8,-0.023,-4.3,-0.6,-4.9,-1.2,204,508,0.402,44,149,0.295,160,359,0.446,0.445,91,113,0.805,32,152,184,192,42,36,142,175,543
138,Ish Smith,PG,6000000,USA,28,DET,81,32,1955,14.7,0.47700000000000004,0.14,0.136,1.1,12.4,6.6,32.5,1.6,1.4,12.4,20.5,0.9,2.2,3.1,0.076,-1.2,0.4,-0.8,0.6,329,749,0.439,28,105,0.267,301,644,0.467,0.45799999999999996,72,102,0.706,21,214,235,418,61,33,112,127,758
139,Ivica Zubac,C,1312611,Croatia,19,LAL,38,11,609,17.0,0.547,0.013000000000000001,0.20600000000000002,7.1,21.9,14.3,8.1,1.1,4.4,10.4,20.3,0.6,0.5,1.1,0.086,-2.7,0.3,-2.5,-0.1,126,238,0.529,0,3,0.0,126,235,0.536,0.529,32,49,0.653,41,118,159,30,14,33,30,66,284
140,J.J. Barea,PG,3903900,Puerto Rico,32,DAL,35,6,771,17.2,0.521,0.431,0.149,1.3,11.9,6.3,44.2,0.9,0.1,14.7,26.2,0.8,0.5,1.3,0.08,2.0,-2.6,-0.6,0.3,142,343,0.414,53,148,0.358,89,195,0.456,0.491,44,51,0.863,9,75,84,193,14,1,63,30,381
141,J.J. Redick,SG,23000000,USA,32,LAC,78,78,2198,14.8,0.599,0.526,0.22699999999999998,0.6,7.9,4.3,7.8,1.3,0.5,9.1,21.9,3.3,1.5,4.8,0.105,2.0,-2.0,0.0,1.1,396,890,0.445,201,468,0.429,195,422,0.462,0.5579999999999999,180,202,0.8909999999999999,11,160,171,110,55,13,98,125,1173
142,J.R. Smith,SG,13760000,USA,31,CLE,41,35,1187,8.1,0.484,0.7609999999999999,0.042,1.6,8.6,5.2,7.3,1.7,0.7,6.7,14.6,0.1,0.8,0.8,0.034,-0.5,-0.7,-1.3,0.2,123,356,0.34600000000000003,95,271,0.35100000000000003,28,85,0.32899999999999996,0.479,10,15,0.667,17,96,113,62,40,11,26,77,351
143,Jabari Parker,PF,6782392,USA,21,MIL,51,50,1728,19.1,0.563,0.21899999999999997,0.268,5.4,15.7,10.6,14.3,1.5,1.1,9.2,26.5,2.6,1.5,4.1,0.113,1.5,-1.3,0.3,1.0,399,814,0.49,65,178,0.365,334,636,0.525,0.53,162,218,0.743,79,235,314,142,51,22,92,111,1025
144,Jae Crowder,SF,6796117,USA,26,BOS,72,72,2335,14.9,0.613,0.547,0.301,2.3,17.3,9.9,10.1,1.5,0.8,8.8,17.0,4.2,2.5,6.7,0.13699999999999998,1.4,0.1,1.5,2.1,333,720,0.46299999999999997,157,394,0.39799999999999996,176,326,0.54,0.5720000000000001,176,217,0.8109999999999999,48,367,415,155,72,23,79,161,999
146,Jake Layman,SF,1312611,USA,22,POR,35,1,249,4.9,0.40399999999999997,0.573,0.191,2.7,8.0,5.3,6.2,1.8,1.0,10.2,19.0,-0.4,0.1,-0.3,-0.054000000000000006,-4.7,-2.7,-7.4,-0.3,26,89,0.292,13,51,0.255,13,38,0.342,0.365,13,17,0.765,6,18,24,11,9,3,11,22,78
148,Jamal Crawford,SG,10942762,USA,36,LAC,82,1,2157,12.0,0.526,0.371,0.23399999999999999,0.9,5.7,3.3,15.1,1.4,0.5,12.3,22.7,0.5,1.4,1.9,0.042,-1.0,-2.1,-3.0,-0.6,359,869,0.413,116,322,0.36,243,547,0.444,0.48,174,203,0.857,17,112,129,213,59,14,134,115,1008
149,Jamal Murray,SG,3355320,Canada,19,DEN,82,10,1764,11.9,0.518,0.47100000000000003,0.16399999999999998,2.6,10.7,6.7,14.0,1.4,1.1,12.6,21.6,0.6,0.7,1.4,0.037000000000000005,-0.5,-2.1,-2.6,-0.3,295,730,0.40399999999999997,115,344,0.33399999999999996,180,386,0.466,0.483,106,120,0.883,41,173,214,170,52,24,113,124,811
150,Jameer Nelson,PG,4736050,USA,34,DEN,75,39,2045,11.4,0.544,0.452,0.10400000000000001,1.5,8.8,5.2,26.0,1.3,0.3,17.0,15.8,2.3,0.5,2.8,0.065,0.3,-2.3,-2.0,0.0,268,604,0.444,106,273,0.38799999999999996,162,331,0.489,0.531,45,63,0.7140000000000001,28,164,192,385,53,8,129,197,687
151,James Ennis,SF,3028410,USA,26,MEM,64,28,1501,10.6,0.581,0.42700000000000005,0.34299999999999997,5.1,14.9,9.9,6.5,1.6,1.2,13.8,13.0,1.4,1.7,3.2,0.10099999999999999,-1.0,1.0,0.0,0.8,146,321,0.455,51,137,0.37200000000000005,95,184,0.516,0.534,86,110,0.782,69,190,259,64,46,19,59,165,429
152,James Harden,PG,28299399,USA,27,HOU,81,81,2947,27.3,0.613,0.493,0.575,3.5,20.9,12.2,50.7,2.0,1.0,19.5,34.2,11.5,3.6,15.0,0.245,8.7,1.5,10.1,9.0,674,1533,0.44,262,756,0.34700000000000003,412,777,0.53,0.525,746,881,0.847,95,564,659,906,120,37,464,215,2356
153,James Johnson,PF,13954000,USA,29,MIA,76,5,2085,17.0,0.564,0.33299999999999996,0.28,3.5,16.6,9.9,20.9,1.8,3.2,16.5,22.0,1.9,3.2,5.1,0.11699999999999999,0.5,2.2,2.7,2.5,368,769,0.479,87,256,0.34,281,513,0.5479999999999999,0.535,152,215,0.7070000000000001,66,309,375,276,76,86,171,197,975
154,JaMychal Green,PF,8533333,USA,26,MEM,77,75,2101,13.5,0.601,0.29,0.33399999999999996,8.8,21.1,14.8,6.3,1.1,1.5,14.1,14.4,3.1,2.6,5.8,0.131,-0.4,1.0,0.6,1.4,250,500,0.5,55,145,0.379,195,355,0.5489999999999999,0.555,134,167,0.802,167,377,544,84,46,34,94,248,689
155,Jared Dudley,PF,10000000,USA,31,PHO,64,7,1362,10.6,0.579,0.5870000000000001,0.188,2.4,15.9,9.0,12.5,1.5,0.9,16.1,13.7,1.1,0.7,1.8,0.065,-0.1,-0.1,-0.2,0.6,157,346,0.45399999999999996,77,203,0.379,80,143,0.5589999999999999,0.565,43,65,0.662,31,194,225,121,42,16,72,154,434
156,Jarell Eddie,SF,83129,USA,25,PHO,5,0,62,9.7,0.523,0.8420000000000001,0.474,1.7,10.8,6.1,0.0,0.8,0.0,4.2,16.2,0.1,0.0,0.1,0.054000000000000006,-1.5,-5.9,-7.3,-0.1,6,19,0.316,4,16,0.25,2,3,0.667,0.42100000000000004,8,9,0.889,1,6,7,0,1,0,1,1,24
157,Jarell Martin,PF,1471382,USA,22,MEM,42,3,558,8.7,0.47700000000000004,0.166,0.331,8.4,25.3,16.6,2.2,1.6,1.5,13.9,16.4,-0.2,0.8,0.6,0.054000000000000006,-5.8,-0.6,-6.4,-0.6,58,151,0.384,9,25,0.36,49,126,0.389,0.414,40,50,0.8,42,120,162,8,17,9,28,91,165
158,Jarrett Jack,PG,2328652,USA,33,NOP,2,0,33,7.7,0.773,0.33299999999999996,0.667,0.0,0.0,0.0,20.3,3.0,0.0,43.6,9.2,0.0,0.0,0.0,0.06,-5.3,-4.1,-9.3,-0.1,2,3,0.667,0,1,0.0,2,2,1.0,0.667,2,2,1.0,0,0,0,5,2,0,3,4,6
159,Jason Smith,C,5225000,USA,30,WAS,74,3,1068,13.6,0.598,0.237,0.155,6.8,20.4,13.6,5.0,1.0,4.3,14.2,16.7,1.0,1.3,2.3,0.10300000000000001,-2.0,0.6,-1.3,0.2,174,329,0.529,37,78,0.474,137,251,0.546,0.585,35,51,0.6859999999999999,64,194,258,37,21,55,58,168,420
160,Jason Terry,SG,2328652,USA,39,MIL,74,0,1365,9.0,0.6,0.7040000000000001,0.11900000000000001,1.3,7.7,4.5,9.9,1.7,1.3,12.3,9.8,1.2,0.9,2.1,0.075,-0.5,-0.6,-1.1,0.3,105,243,0.43200000000000005,73,171,0.42700000000000005,32,72,0.444,0.5820000000000001,24,29,0.828,15,91,106,98,45,20,36,95,307
161,JaVale McGee,C,2116955,USA,29,GSW,77,10,739,25.2,0.642,0.013000000000000001,0.348,15.8,20.1,18.1,3.8,1.2,7.1,9.8,23.8,2.0,1.5,3.5,0.225,0.2,0.6,0.8,0.5,208,319,0.652,0,4,0.0,208,315,0.66,0.652,56,111,0.505,100,144,244,17,19,67,40,109,472
162,Jaylen Brown,SF,4956480,USA,20,BOS,78,20,1341,10.3,0.539,0.319,0.293,3.8,14.4,9.1,7.2,1.3,1.1,12.5,18.1,0.2,1.3,1.5,0.053,-3.1,-0.9,-4.0,-0.7,192,423,0.45399999999999996,46,135,0.341,146,288,0.507,0.508,85,124,0.685,45,175,220,64,35,18,68,142,515
163,Jeff Green,PF,2116955,USA,30,ORL,69,11,1534,10.5,0.505,0.34600000000000003,0.301,2.7,12.8,7.6,8.1,1.2,0.7,10.6,20.3,-0.2,0.9,0.7,0.022000000000000002,-2.8,-1.8,-4.6,-1.0,220,558,0.39399999999999996,53,193,0.275,167,365,0.45799999999999996,0.442,145,168,0.863,39,175,214,81,37,13,75,103,638
164,Jeff Teague,PG,19000000,USA,28,IND,82,82,2657,19.2,0.574,0.27699999999999997,0.457,1.4,12.4,7.0,36.4,1.9,1.1,16.5,22.1,5.7,2.4,8.1,0.146,2.4,-0.6,1.9,2.6,402,909,0.442,90,252,0.35700000000000004,312,657,0.475,0.49200000000000005,360,415,0.867,33,298,331,639,100,32,216,165,1254
165,Jeff Withey,C,1577320,USA,26,UTA,51,1,432,18.8,0.588,0.01,0.466,14.3,17.9,16.2,2.5,1.9,6.0,10.1,14.9,1.0,0.9,1.8,0.205,-1.2,2.7,1.5,0.4,55,103,0.534,0,1,0.0,55,102,0.539,0.534,36,48,0.75,52,69,121,7,16,32,14,52,146
166,Jerami Grant,SF,1524305,USA,22,TOT,80,4,1531,10.1,0.556,0.354,0.44799999999999995,2.7,12.2,7.4,4.2,1.1,4.1,10.1,12.1,1.1,1.8,2.9,0.091,-3.0,0.9,-2.1,0.0,152,328,0.46299999999999997,43,116,0.371,109,212,0.514,0.529,90,147,0.612,38,168,206,46,33,79,44,149,437
167,Jeremy Lamb,SG,7000000,USA,24,CHO,62,5,1143,17.0,0.55,0.297,0.263,2.9,22.7,12.7,11.3,1.2,1.8,6.8,23.2,1.4,1.3,2.7,0.115,-0.8,-0.8,-1.7,0.1,226,491,0.46,41,146,0.281,185,345,0.536,0.502,110,129,0.853,30,234,264,75,27,23,40,98,603
168,Jeremy Lin,PG,12000000,USA,28,BRK,36,33,883,19.2,0.5660000000000001,0.39,0.353,1.3,14.7,8.1,35.5,2.2,1.2,15.7,26.6,1.3,0.8,2.1,0.115,2.5,-0.5,2.0,0.9,175,400,0.43799999999999994,58,156,0.37200000000000005,117,244,0.48,0.51,115,141,0.816,11,124,135,184,41,14,86,79,523
169,Jerian Grant,PG,1713840,USA,24,CHI,63,28,1028,13.1,0.555,0.445,0.243,1.8,9.9,5.8,17.3,2.3,0.6,11.7,16.0,1.3,1.2,2.5,0.11800000000000001,0.0,-0.3,-0.3,0.4,128,301,0.425,49,134,0.366,79,167,0.473,0.507,65,73,0.89,17,94,111,120,47,8,44,93,370
170,Jerryd Bayless,PG,9000000,USA,28,PHI,3,1,71,8.7,0.45299999999999996,0.156,0.313,4.6,14.0,9.3,29.4,0.0,0.0,19.8,27.7,-0.1,0.0,-0.1,-0.067,-5.2,-2.9,-8.2,-0.1,11,32,0.344,2,5,0.4,9,27,0.33299999999999996,0.375,9,10,0.9,3,9,12,13,0,0,9,4,33
171,Jimmy Butler,SF,19301070,USA,27,CHI,76,75,2809,25.1,0.586,0.198,0.54,4.9,13.2,9.0,24.8,2.6,0.9,9.3,26.5,10.1,3.8,13.8,0.23600000000000002,5.8,1.1,6.9,6.3,570,1252,0.455,91,248,0.36700000000000005,479,1004,0.47700000000000004,0.49200000000000005,585,676,0.865,129,341,470,417,143,32,159,112,1816
172,Joakim Noah,C,17765000,USA,31,NYK,46,46,1015,15.2,0.493,0.005,0.38799999999999996,17.0,25.7,21.3,14.1,1.5,3.0,19.8,12.5,1.1,1.2,2.3,0.107,-0.7,2.8,2.1,1.1,99,201,0.493,0,1,0.0,99,200,0.495,0.493,34,78,0.436,161,241,402,103,30,37,58,127,232
173,Jodie Meeks,SG,3290000,USA,29,ORL,36,10,738,13.1,0.5670000000000001,0.535,0.289,0.7,10.9,5.7,9.3,2.3,0.4,11.1,19.4,0.5,0.6,1.1,0.073,-0.4,-1.4,-1.8,0.0,103,256,0.402,56,137,0.409,47,119,0.395,0.512,65,74,0.878,5,72,77,45,34,4,36,41,327
174,Joe Harris,SG,1524305,USA,25,BRK,52,11,1138,9.0,0.5579999999999999,0.61,0.135,1.5,12.0,6.8,7.3,1.2,0.5,12.5,16.5,0.1,0.6,0.8,0.032,-1.4,-1.5,-3.0,-0.3,154,362,0.425,85,221,0.385,69,141,0.489,0.5429999999999999,35,49,0.7140000000000001,16,131,147,54,30,8,55,121,428
175,Joe Ingles,SF,14136364,Australia,29,UTA,82,26,1972,12.4,0.604,0.619,0.151,1.4,13.5,7.6,17.1,2.6,0.3,18.2,13.9,2.0,3.0,5.0,0.122,0.9,1.8,2.7,2.3,204,451,0.452,123,279,0.441,81,172,0.47100000000000003,0.589,50,68,0.735,23,237,260,224,96,8,107,163,581
176,Joe Johnson,SF,9505000,USA,35,UTA,78,14,1843,12.8,0.542,0.41200000000000003,0.12300000000000001,2.1,12.7,7.6,12.6,1.0,0.8,9.5,18.5,1.7,2.1,3.8,0.099,-0.1,-0.1,-0.2,0.8,273,626,0.436,106,258,0.41100000000000003,167,368,0.45399999999999996,0.521,63,77,0.818,33,209,242,144,36,18,69,93,715
177,Joe Young,PG,1471382,USA,24,IND,33,0,135,11.4,0.433,0.319,0.20800000000000002,0.8,13.1,7.1,18.0,1.5,0.0,6.0,27.8,-0.2,0.1,-0.1,-0.022000000000000002,-3.5,-3.8,-7.3,-0.2,26,72,0.361,5,23,0.217,21,49,0.429,0.396,11,15,0.733,1,16,17,15,4,0,5,5,68
178,Joel Bolomboy,PF,1312611,Ukraine,23,UTA,12,0,53,19.7,0.59,0.25,0.375,9.0,27.6,18.5,6.3,1.0,3.1,9.7,18.2,0.1,0.1,0.2,0.171,-1.3,0.5,-0.8,0.0,9,16,0.563,1,4,0.25,8,12,0.667,0.594,3,6,0.5,4,13,17,2,1,2,2,1,22
179,Joel Embiid,C,6100266,Cameroon,22,PHI,31,31,786,24.1,0.584,0.228,0.569,8.5,25.6,17.0,16.0,1.7,7.7,17.9,36.0,0.5,1.5,1.9,0.11699999999999999,0.0,3.2,3.2,1.0,200,429,0.466,36,98,0.36700000000000005,164,331,0.495,0.508,191,244,0.7829999999999999,61,182,243,66,27,76,117,112,627
180,Joffrey Lauvergne,PF-C,1524305,France,25,TOT,70,1,980,12.6,0.509,0.292,0.217,8.0,20.1,14.1,10.8,1.3,0.5,13.2,18.5,0.4,1.1,1.5,0.075,-2.3,-0.9,-3.2,-0.3,148,336,0.44,33,98,0.337,115,238,0.483,0.49,46,73,0.63,72,179,251,70,25,6,56,83,375
181,John Henson,C,11422536,USA,26,MIL,58,39,1123,15.3,0.55,0.003,0.34600000000000003,9.6,20.8,15.3,7.7,1.3,6.1,13.0,16.6,1.1,1.6,2.7,0.115,-2.6,2.5,-0.1,0.5,159,309,0.515,0,1,0.0,159,308,0.516,0.515,74,107,0.6920000000000001,92,203,295,57,29,78,53,151,392
182,John Wall,PG,18063850,USA,26,WAS,78,78,2836,23.2,0.541,0.19,0.36700000000000005,2.3,10.6,6.5,46.9,2.7,1.4,16.2,30.6,5.7,3.0,8.8,0.14800000000000002,3.8,0.2,4.0,4.3,647,1435,0.451,89,272,0.327,558,1163,0.48,0.48200000000000004,422,527,0.8009999999999999,58,268,326,831,157,49,323,151,1805
183,Johnny O'Bryant,PF,1524305,USA,23,TOT,11,0,80,14.9,0.5820000000000001,0.2,0.2,12.4,13.7,13.1,12.7,0.0,1.0,15.5,21.1,0.1,0.0,0.1,0.08800000000000001,-0.2,-3.1,-3.3,0.0,15,30,0.5,3,6,0.5,12,24,0.5,0.55,5,6,0.833,9,10,19,6,0,1,6,10,38
184,Jon Leuer,PF,10497319,USA,27,DET,75,34,1944,14.2,0.551,0.259,0.175,5.5,17.5,11.3,8.6,0.8,1.1,8.7,17.3,2.5,2.0,4.5,0.11199999999999999,-0.4,0.5,0.2,1.1,310,646,0.48,49,167,0.293,261,479,0.545,0.518,98,113,0.867,102,300,402,111,31,26,66,145,767
185,Jonas Jerebko,PF,4000000,Sweden,29,BOS,78,6,1232,9.3,0.537,0.496,0.141,5.5,19.1,12.3,8.1,1.0,1.1,12.3,11.4,0.8,1.3,2.1,0.081,-2.4,0.3,-2.1,0.0,114,262,0.435,45,130,0.34600000000000003,69,132,0.523,0.521,26,37,0.703,60,213,273,71,26,17,39,122,299
186,Jonas Valanciunas,C,15460675,Lithuania,24,TOR,80,80,2066,20.1,0.601,0.003,0.309,12.4,29.1,20.8,4.4,0.9,2.6,11.7,19.5,4.9,3.0,7.9,0.183,-0.5,-0.1,-0.6,0.7,391,702,0.557,1,2,0.5,390,700,0.557,0.5579999999999999,176,217,0.8109999999999999,226,533,759,57,37,63,106,216,959
187,Jonathon Simmons,SG,6300000,USA,27,SAS,78,8,1392,9.9,0.504,0.242,0.314,1.7,11.1,6.5,13.2,1.7,1.5,13.7,18.0,-0.1,2.1,2.0,0.068,-2.8,0.9,-1.9,0.0,177,421,0.42,30,102,0.294,147,319,0.461,0.456,99,132,0.75,20,140,160,126,47,25,76,146,483
188,Jordan Clarkson,SG,11562500,USA,24,LAL,82,19,2397,13.1,0.526,0.332,0.157,2.2,9.3,5.6,14.4,1.8,0.3,12.5,23.3,0.5,0.7,1.2,0.024,-0.5,-2.3,-2.7,-0.4,477,1071,0.445,117,356,0.32899999999999996,360,715,0.503,0.5,134,168,0.7979999999999999,49,197,246,213,88,8,164,150,1205
189,Jordan Crawford,SG,250000,USA,28,NOP,19,0,442,17.6,0.5820000000000001,0.436,0.11900000000000001,0.9,7.2,4.1,22.7,1.2,0.4,9.8,25.5,0.6,0.3,0.9,0.102,2.6,-3.0,-0.4,0.2,105,218,0.48200000000000004,37,95,0.389,68,123,0.5529999999999999,0.5670000000000001,20,26,0.769,4,30,34,57,11,2,25,30,267
190,Jordan Mickey,PF,1471382,USA,22,BOS,25,1,141,9.8,0.473,0.028999999999999998,0.41200000000000003,10.4,16.4,13.4,7.1,1.1,3.5,18.3,15.5,-0.1,0.2,0.1,0.036000000000000004,-5.7,0.9,-4.8,-0.1,15,34,0.441,0,1,0.0,15,33,0.455,0.441,8,14,0.5710000000000001,13,21,34,7,3,6,9,12,38
191,Jose Calderon,PG,2328652,Spain,35,TOT,41,13,539,8.9,0.506,0.478,0.09,3.0,12.2,7.5,23.3,1.0,0.2,22.7,14.4,0.0,0.3,0.3,0.023,-2.9,-1.8,-4.7,-0.4,55,134,0.41,20,64,0.313,35,70,0.5,0.485,11,12,0.917,15,59,74,88,11,1,41,36,141
192,Josh Huestis,PF,1471382,USA,25,OKC,2,0,31,26.1,0.612,0.364,0.091,14.3,17.9,16.1,15.5,0.0,7.7,0.0,15.7,0.1,0.0,0.2,0.265,3.9,1.8,5.7,0.1,6,11,0.545,2,4,0.5,4,7,0.5710000000000001,0.636,0,1,0.0,4,5,9,3,0,3,0,0,14
193,Josh McRoberts,PF,6021175,USA,29,MIA,22,14,381,9.8,0.439,0.263,0.076,6.6,15.0,10.7,18.9,1.3,0.8,15.9,16.9,-0.1,0.4,0.3,0.036000000000000004,-2.9,0.5,-2.4,0.0,44,118,0.373,13,31,0.419,31,87,0.35600000000000004,0.428,6,9,0.667,23,51,74,50,10,4,23,31,107
194,Josh Richardson,SG,1471382,USA,23,MIA,53,34,1614,10.7,0.493,0.442,0.15,2.4,9.2,5.8,12.7,1.9,1.9,10.6,16.8,0.3,1.9,2.2,0.066,-1.0,1.1,0.2,0.9,202,513,0.39399999999999996,75,227,0.33,127,286,0.444,0.467,60,77,0.779,35,133,168,140,60,39,65,132,539
195,Jrue Holiday,PG,25686667,USA,26,NOP,67,61,2190,17.1,0.532,0.314,0.188,2.2,10.6,6.4,35.9,2.2,1.6,16.7,23.5,1.2,2.6,3.8,0.084,1.2,0.5,1.7,2.0,405,894,0.45299999999999996,100,281,0.35600000000000004,305,613,0.498,0.509,119,168,0.708,46,218,264,488,100,43,194,133,1029
196,Juan Hernangomez,PF,2076840,Spain,21,DEN,62,9,842,13.3,0.5920000000000001,0.504,0.33899999999999997,5.7,18.7,12.3,4.7,1.7,1.1,10.7,14.6,1.2,0.6,1.8,0.10300000000000001,-0.1,-1.2,-1.3,0.1,101,224,0.451,46,113,0.40700000000000003,55,111,0.495,0.5539999999999999,57,76,0.75,43,144,187,29,29,12,31,62,305
197,Julius Randle,PF,4149242,USA,22,LAL,74,73,2132,16.3,0.5429999999999999,0.08199999999999999,0.365,7.5,25.8,16.3,19.3,1.1,1.4,16.2,21.4,2.0,1.5,3.5,0.08,-0.7,0.7,0.0,1.1,377,773,0.488,17,63,0.27,360,710,0.507,0.499,204,282,0.723,151,485,636,264,49,37,173,248,975
198,Justin Anderson,SF,1579440,USA,23,TOT,75,10,1228,13.9,0.537,0.442,0.294,6.2,16.9,11.3,8.8,1.7,1.6,11.7,20.9,0.6,1.3,1.9,0.07400000000000001,-1.2,-0.3,-1.6,0.1,186,439,0.424,58,194,0.299,128,245,0.522,0.49,102,129,0.7909999999999999,69,176,245,66,41,23,66,109,532
199,Justin Holiday,SG,4615385,USA,27,NYK,82,4,1639,12.7,0.5489999999999999,0.507,0.149,1.8,13.1,7.4,9.2,2.0,1.5,10.3,16.9,1.3,1.2,2.5,0.073,-0.3,-0.8,-1.1,0.4,233,538,0.433,97,273,0.355,136,265,0.513,0.523,66,80,0.825,27,198,225,102,65,31,66,109,629
200,Justise Winslow,SF,2705040,USA,20,MIA,18,15,625,8.2,0.39899999999999997,0.156,0.209,4.0,12.7,8.3,15.5,2.2,0.8,11.8,19.8,-0.9,0.8,-0.1,-0.008,-4.0,1.3,-2.7,-0.1,80,225,0.35600000000000004,7,35,0.2,73,190,0.384,0.371,29,47,0.617,23,71,94,66,27,6,33,52,196
201,Jusuf Nurkic,C,2947305,Bosnia & Herz...,22,TOT,65,48,1391,17.5,0.528,0.002,0.39299999999999996,12.3,24.8,18.6,13.9,1.8,4.2,18.6,23.9,0.2,1.8,2.0,0.068,-2.3,2.2,-0.2,0.6,271,534,0.507,0,1,0.0,271,533,0.508,0.507,120,210,0.5710000000000001,154,313,467,123,50,74,143,161,662
202,Karl-Anthony Towns,C,6216840,USA,21,MIN,82,82,3030,26.0,0.618,0.18600000000000003,0.289,11.2,27.8,19.4,13.2,1.0,2.9,11.3,27.5,9.9,2.8,12.7,0.201,4.8,0.3,5.0,5.4,802,1479,0.542,101,275,0.36700000000000005,701,1204,0.5820000000000001,0.5760000000000001,356,428,0.8320000000000001,296,711,1007,220,57,103,212,241,2061
203,Kawhi Leonard,SF,18868625,USA,25,SAS,74,74,2474,27.5,0.611,0.294,0.40700000000000003,3.7,15.7,9.8,18.9,2.7,1.8,9.1,31.1,8.9,4.7,13.6,0.264,6.4,1.5,7.9,6.2,636,1311,0.485,147,386,0.381,489,925,0.529,0.541,469,533,0.88,80,350,430,260,132,55,154,122,1888
204,Kay Felder,PG,1312611,USA,21,CLE,42,0,386,11.2,0.462,0.139,0.31,0.9,10.5,5.9,22.7,2.3,1.5,14.7,24.3,-0.3,0.4,0.0,0.004,-4.9,-1.2,-6.1,-0.4,62,158,0.392,7,22,0.318,55,136,0.40399999999999997,0.415,35,49,0.7140000000000001,3,38,41,58,18,7,31,38,166
205,Kelly Olynyk,C,10607169,Canada,25,BOS,75,6,1538,15.2,0.603,0.37799999999999995,0.242,5.3,20.7,13.0,15.2,1.4,1.5,14.6,19.0,2.2,1.9,4.1,0.127,0.1,0.5,0.7,1.0,260,508,0.512,68,192,0.354,192,316,0.608,0.579,90,123,0.732,72,288,360,148,43,29,96,207,678
206,Kelly Oubre,SF,2093040,USA,21,WAS,79,5,1605,9.1,0.516,0.425,0.22399999999999998,4.3,13.9,9.1,4.0,1.8,0.9,9.2,14.5,0.6,1.4,2.1,0.062,-1.8,-0.5,-2.3,-0.1,186,442,0.42100000000000004,54,188,0.287,132,254,0.52,0.48200000000000004,75,99,0.758,61,199,260,47,58,17,49,195,501
207,Kemba Walker,PG,12000000,USA,26,CHO,79,79,2739,21.3,0.569,0.415,0.248,1.8,10.6,6.2,29.1,1.6,0.7,9.5,29.2,5.9,2.2,8.1,0.142,5.3,-1.7,3.6,3.9,643,1449,0.444,240,602,0.39899999999999997,403,847,0.47600000000000003,0.527,304,359,0.847,45,263,308,435,85,22,168,119,1830
208,Kenneth Faried,PF,12921348,USA,27,DEN,61,34,1296,20.3,0.588,0.013999999999999999,0.45399999999999996,15.7,23.6,19.7,6.3,1.6,2.4,10.4,18.3,3.4,1.2,4.6,0.16899999999999998,0.9,-0.1,0.8,0.9,228,416,0.5479999999999999,0,6,0.0,228,410,0.556,0.5479999999999999,131,189,0.693,182,279,461,55,43,40,58,124,587
209,Kent Bazemore,SF,16910113,USA,27,ATL,73,64,1963,11.5,0.504,0.369,0.233,2.6,10.3,6.5,14.2,2.3,2.3,13.6,20.5,-0.6,2.8,2.1,0.053,-2.0,1.2,-0.8,0.6,295,721,0.409,92,266,0.34600000000000003,203,455,0.446,0.473,119,168,0.708,45,186,231,177,91,52,125,165,801
210,Kentavious Caldwell-Pope,SG,17745894,USA,23,DET,76,75,2529,12.8,0.519,0.47100000000000003,0.19899999999999998,2.3,8.7,5.3,11.2,1.8,0.4,7.9,19.2,2.0,2.5,4.5,0.086,0.9,0.0,0.9,1.9,370,928,0.39899999999999997,153,437,0.35,217,491,0.442,0.48100000000000004,154,185,0.8320000000000001,55,193,248,193,89,12,86,118,1047
211,Kevin Durant,SF,25000000,USA,28,GSW,62,62,2070,27.6,0.6509999999999999,0.304,0.374,2.2,23.6,13.6,23.1,1.5,3.8,10.4,27.8,8.0,4.0,12.0,0.27699999999999997,5.4,2.6,8.0,5.2,551,1026,0.537,117,312,0.375,434,714,0.608,0.594,336,384,0.875,39,474,513,300,66,99,138,117,1555
212,Kevin Love,PF,22642350,USA,28,CLE,60,60,1885,21.1,0.573,0.449,0.34,8.9,29.3,19.5,9.8,1.4,0.9,10.9,26.4,4.0,2.4,6.4,0.163,1.7,-0.9,0.8,1.3,370,867,0.42700000000000005,145,389,0.373,225,478,0.47100000000000003,0.51,257,295,0.871,148,518,666,116,53,22,122,125,1142
213,Kevon Looney,C,1471382,USA,20,GSW,53,4,447,13.4,0.5529999999999999,0.084,0.318,11.5,18.5,15.2,8.5,1.5,3.0,12.2,13.4,0.7,0.8,1.4,0.154,-1.4,1.7,0.3,0.3,56,107,0.523,2,9,0.222,54,98,0.551,0.5329999999999999,21,34,0.618,44,80,124,29,14,17,17,64,135
214,Khris Middleton,SF,14100000,USA,25,MIL,29,23,889,15.0,0.57,0.312,0.276,1.5,14.5,8.1,17.5,2.3,0.7,14.8,22.5,0.7,0.9,1.6,0.085,0.0,-0.6,-0.5,0.3,150,333,0.45,45,104,0.433,105,229,0.45899999999999996,0.518,81,92,0.88,11,112,123,99,41,7,65,79,426
215,Klay Thompson,SG,17826150,USA,26,GSW,78,78,2649,17.4,0.5920000000000001,0.47,0.158,2.2,9.2,5.9,9.3,1.2,1.2,8.0,26.1,4.2,2.9,7.1,0.128,2.4,-2.1,0.3,1.5,644,1376,0.46799999999999997,268,647,0.414,376,729,0.516,0.565,186,218,0.853,49,236,285,160,66,40,128,139,1742
216,Kosta Koufos,C,8393000,USA,27,SAC,71,62,1419,13.8,0.56,0.003,0.158,9.7,22.9,16.4,5.3,1.3,3.1,12.7,15.3,1.2,1.4,2.6,0.08900000000000001,-2.6,0.7,-1.9,0.0,216,392,0.551,0,1,0.0,216,391,0.552,0.551,38,62,0.613,118,285,403,47,36,48,61,172,470
217,Kris Dunn,PG,4046760,USA,22,MIN,78,7,1333,8.1,0.43200000000000005,0.233,0.188,2.1,12.6,7.3,19.4,3.0,2.3,20.8,14.2,-1.2,1.3,0.1,0.004,-3.7,1.5,-2.2,-0.1,118,313,0.377,21,73,0.28800000000000003,97,240,0.40399999999999997,0.41100000000000003,36,59,0.61,24,142,166,188,78,36,89,178,293
218,Kristaps Porzingis,PF,4503600,Latvia,21,NYK,66,65,2164,17.4,0.546,0.319,0.256,5.5,18.2,11.8,7.3,1.1,4.9,9.7,24.3,2.4,2.1,4.5,0.1,0.2,0.0,0.2,1.2,443,985,0.45,112,314,0.35700000000000004,331,671,0.493,0.507,198,252,0.7859999999999999,111,364,475,97,47,130,118,244,1196
219,Kyle Anderson,SG,2151704,USA,23,SAS,72,14,1020,12.5,0.525,0.191,0.273,3.7,19.0,11.5,12.4,2.5,2.1,14.3,12.1,0.7,2.0,2.7,0.127,-2.1,3.7,1.6,0.9,93,209,0.445,15,40,0.375,78,169,0.462,0.48100000000000004,45,57,0.789,33,175,208,91,51,26,39,63,246
220,Kyle Korver,SG,7000000,USA,35,TOT,67,22,1753,12.1,0.635,0.6970000000000001,0.08199999999999999,0.5,11.0,5.9,9.4,1.0,1.0,11.5,15.2,2.3,1.3,3.7,0.10099999999999999,0.8,-1.0,-0.2,0.8,239,515,0.46399999999999997,162,359,0.451,77,156,0.494,0.621,38,42,0.905,8,179,187,110,34,21,69,107,678
221,Kyle Lowry,PG,28703704,USA,30,TOR,60,60,2244,22.9,0.623,0.51,0.39799999999999996,2.4,12.1,7.3,29.9,2.0,0.7,13.8,24.9,7.8,2.3,10.1,0.21600000000000003,7.1,-0.4,6.7,4.9,426,918,0.46399999999999997,193,468,0.41200000000000003,233,450,0.518,0.569,299,365,0.8190000000000001,48,240,288,417,88,19,173,170,1344
222,Kyle O'Quinn,C,4087500,USA,26,NYK,79,8,1229,20.5,0.552,0.040999999999999995,0.201,13.7,24.8,19.2,14.8,1.5,6.9,14.5,18.5,2.1,1.8,3.9,0.151,-0.1,3.7,3.5,1.7,215,413,0.521,2,17,0.11800000000000001,213,396,0.5379999999999999,0.523,64,83,0.7709999999999999,157,282,439,117,36,104,76,174,496
223,Kyle Singler,SF,4666500,USA,28,OKC,32,2,385,5.9,0.486,0.446,0.205,2.3,11.5,6.9,3.2,0.9,1.0,10.8,11.2,0.0,0.3,0.3,0.034,-4.6,-1.3,-5.9,-0.4,34,83,0.41,7,37,0.18899999999999997,27,46,0.5870000000000001,0.452,13,17,0.765,8,40,48,9,7,5,11,29,88
224,Kyrie Irving,PG,18868625,Australia,24,CLE,72,72,2525,23.0,0.58,0.311,0.231,2.3,7.5,5.0,29.7,1.6,0.8,10.3,30.8,7.4,1.5,8.9,0.17,4.8,-2.3,2.5,2.9,671,1420,0.473,177,441,0.401,494,979,0.505,0.535,297,328,0.905,52,178,230,418,83,25,180,157,1816
225,LaMarcus Aldridge,PF,21461010,USA,31,SAS,72,72,2335,18.6,0.532,0.053,0.258,8.6,16.6,12.7,9.9,1.0,3.1,7.7,24.5,3.5,3.7,7.3,0.149,-0.3,1.4,1.1,1.8,500,1049,0.47700000000000004,23,56,0.41100000000000003,477,993,0.48,0.488,220,271,0.812,174,350,524,139,46,89,98,158,1243
226,Lance Stephenson,SG,4180000,USA,26,TOT,18,0,361,9.6,0.485,0.16699999999999998,0.10800000000000001,1.2,14.8,8.0,24.8,0.7,0.7,17.1,18.7,-0.2,0.2,0.1,0.009000000000000001,-3.9,-1.5,-5.4,-0.3,54,120,0.45,6,20,0.3,48,100,0.48,0.475,8,13,0.615,4,48,52,59,5,3,26,32,122
227,Lance Thomas,PF,6655325,USA,28,NYK,46,15,968,8.4,0.516,0.348,0.209,3.6,12.3,7.9,5.0,1.1,0.4,8.6,13.1,0.6,0.4,0.9,0.046,-2.1,-1.6,-3.7,-0.4,97,244,0.39799999999999996,38,85,0.447,59,159,0.371,0.475,43,51,0.843,32,110,142,35,21,5,25,85,275
228,Langston Galloway,PG,6666667,USA,25,TOT,74,2,1495,10.4,0.51,0.565,0.11699999999999999,1.9,9.3,5.6,9.4,1.5,0.3,7.4,18.4,0.2,1.1,1.3,0.040999999999999995,-0.9,-1.7,-2.6,-0.2,207,545,0.38,120,308,0.39,87,237,0.36700000000000005,0.49,51,64,0.797,27,129,156,93,46,6,46,96,585
229,Larry Nance,PF,1471382,USA,24,LAL,63,7,1442,15.8,0.5670000000000001,0.1,0.222,8.8,19.6,14.0,9.7,2.8,2.3,12.4,13.4,2.1,1.5,3.5,0.11800000000000001,-0.3,2.3,2.0,1.5,190,361,0.526,10,36,0.278,180,325,0.5539999999999999,0.54,59,80,0.738,120,249,369,96,82,40,56,149,449
230,LeBron James,SF,33285709,USA,32,CLE,74,74,2794,27.0,0.619,0.254,0.395,4.0,20.7,12.6,41.3,1.6,1.3,16.1,30.0,9.8,3.0,12.9,0.221,6.8,1.6,8.4,7.3,736,1344,0.5479999999999999,124,342,0.363,612,1002,0.611,0.594,358,531,0.674,97,543,640,646,92,44,303,134,1954
231,Lou Williams,SG,7000000,USA,30,TOT,81,1,1994,21.4,0.593,0.447,0.45799999999999996,1.4,9.9,5.5,19.9,1.9,0.8,11.8,29.1,5.1,1.0,6.1,0.147,3.7,-3.0,0.8,1.4,428,998,0.429,163,446,0.365,265,552,0.48,0.511,402,457,0.88,26,176,202,239,80,19,160,92,1421
232,Lucas Nogueira,C,2947305,Brazil,24,TOR,57,6,1088,15.5,0.682,0.077,0.429,8.5,16.7,12.6,5.4,2.4,7.2,19.9,9.5,1.7,2.0,3.7,0.16399999999999998,-0.1,5.6,5.4,2.0,103,156,0.66,3,12,0.25,100,144,0.6940000000000001,0.67,44,67,0.657,82,161,243,42,52,90,46,137,253
233,Luke Babbitt,SF,1974159,USA,27,MIA,68,55,1065,8.4,0.563,0.747,0.053,1.3,13.5,7.4,4.8,1.0,0.8,8.0,13.0,0.8,1.0,1.8,0.08199999999999999,-1.0,-0.8,-1.8,0.1,113,281,0.402,87,210,0.414,26,71,0.366,0.557,11,15,0.733,13,129,142,36,21,11,25,118,324
234,Luol Deng,SF,17190000,United Kingdo...,31,LAL,56,49,1486,10.1,0.47,0.389,0.149,4.5,17.7,10.8,7.0,1.6,1.1,8.7,14.2,0.1,0.8,0.9,0.028999999999999998,-2.3,-0.2,-2.5,-0.2,164,424,0.387,51,165,0.309,113,259,0.436,0.447,46,63,0.73,63,232,295,74,48,20,43,61,425
235,Malachi Richardson,SG,1504560,USA,21,SAC,22,0,198,9.6,0.517,0.41200000000000003,0.27899999999999997,1.8,11.5,6.7,8.7,1.3,0.5,9.5,19.3,0.0,0.1,0.1,0.027999999999999997,-2.5,-3.0,-5.5,-0.2,28,68,0.41200000000000003,8,28,0.28600000000000003,20,40,0.5,0.47100000000000003,15,19,0.789,3,20,23,11,5,1,8,23,79
236,Malcolm Brogdon,SG,1312611,USA,24,MIL,75,28,1982,14.9,0.555,0.304,0.198,2.8,9.6,6.3,24.3,2.2,0.5,14.1,18.5,2.6,1.5,4.1,0.1,0.6,-1.1,-0.5,0.8,290,635,0.457,78,193,0.40399999999999997,212,442,0.48,0.518,109,126,0.865,47,166,213,317,84,12,113,140,767
237,Malcolm Delaney,PG,2500000,USA,27,ATL,73,2,1248,7.5,0.456,0.284,0.24,1.0,9.8,5.5,23.1,1.5,0.1,18.1,18.3,-1.1,1.3,0.1,0.005,-4.6,-1.2,-5.8,-1.2,145,388,0.374,26,110,0.23600000000000002,119,278,0.428,0.40700000000000003,75,93,0.8059999999999999,11,113,124,193,39,1,95,112,391
238,Malik Beasley,SG,1700640,USA,20,DEN,22,1,165,13.7,0.536,0.384,0.13699999999999998,3.4,8.0,5.7,10.2,2.1,0.0,9.4,22.0,0.1,0.1,0.2,0.057,-0.5,-3.5,-3.9,-0.1,33,73,0.452,9,28,0.321,24,45,0.5329999999999999,0.514,8,10,0.8,5,12,17,11,7,0,8,10,83
239,Manu Ginobili,SG,2500000,Argentina,39,SAS,69,0,1291,13.9,0.532,0.517,0.244,2.5,11.1,6.9,20.8,3.2,1.0,16.5,20.4,0.6,2.4,3.0,0.11,0.5,1.4,1.9,1.3,171,439,0.39,89,227,0.392,82,212,0.387,0.491,86,107,0.804,28,129,157,183,82,16,96,119,517
240,Marc Gasol,C,22642350,Spain,32,MEM,74,74,2531,20.2,0.5539999999999999,0.231,0.28600000000000003,2.6,18.7,10.4,24.8,1.4,3.7,11.3,26.4,4.2,3.5,7.7,0.145,2.1,2.2,4.2,4.0,532,1160,0.45899999999999996,104,268,0.38799999999999996,428,892,0.48,0.503,278,332,0.8370000000000001,60,402,462,338,67,99,166,171,1446
241,Marcin Gortat,C,12782609,Poland,32,WAS,82,82,2556,15.5,0.593,0.003,0.23600000000000002,10.6,26.8,18.7,6.8,0.8,2.1,13.7,14.7,3.9,2.9,6.8,0.128,-0.9,1.2,0.4,1.5,390,674,0.579,0,2,0.0,390,672,0.58,0.579,103,159,0.648,238,611,849,121,40,65,118,213,883
242,Marco Belinelli,SG,6306060,Italy,30,CHO,74,0,1778,13.3,0.5660000000000001,0.46,0.273,0.9,10.2,5.5,13.1,1.2,0.4,9.2,19.2,2.0,1.2,3.2,0.08800000000000001,0.1,-2.0,-1.9,0.1,264,615,0.429,102,283,0.36,162,332,0.488,0.512,150,168,0.893,14,164,178,147,44,9,70,90,780
243,Marcus Georges-Hunt,SG,1312611,USA,22,ORL,5,0,48,10.2,0.614,0.28600000000000003,1.429,2.2,18.7,10.2,8.3,1.0,0.0,14.9,12.3,0.1,0.0,0.1,0.107,-3.4,-1.3,-4.7,0.0,2,7,0.28600000000000003,1,2,0.5,1,5,0.2,0.35700000000000004,9,10,0.9,1,8,9,3,1,0,2,5,14
244,Marcus Morris,SF,5000000,USA,27,DET,79,79,2565,12.4,0.508,0.355,0.184,3.2,12.8,7.8,9.4,1.0,0.8,7.4,20.3,1.4,2.4,3.9,0.07200000000000001,-0.3,-0.2,-0.5,1.0,421,1007,0.418,118,357,0.331,303,650,0.466,0.47700000000000004,145,185,0.784,77,289,366,160,52,25,87,168,1105
245,Marcus Smart,SG,4538020,USA,22,BOS,79,24,2399,12.0,0.486,0.44299999999999995,0.33399999999999996,3.7,10.5,7.1,22.0,2.6,1.2,15.6,18.8,0.5,2.7,3.2,0.064,-1.1,0.9,-0.3,1.0,269,749,0.359,94,332,0.28300000000000003,175,417,0.42,0.42200000000000004,203,250,0.812,78,228,306,364,125,34,159,192,835
246,Mario Hezonja,SF,4078320,Croatia,21,ORL,65,2,960,7.2,0.45,0.436,0.152,2.2,14.7,8.3,9.6,1.5,1.2,14.1,18.8,-1.4,0.7,-0.7,-0.034,-4.8,-1.0,-5.8,-0.9,117,330,0.355,43,144,0.299,74,186,0.39799999999999996,0.42,40,50,0.8,20,126,146,62,30,14,58,74,317
247,Markieff Morris,PF,8000000,USA,27,WAS,76,76,2374,13.7,0.54,0.22,0.242,5.1,18.2,11.7,7.8,1.7,1.5,11.6,20.5,1.6,2.5,4.1,0.083,-1.3,0.2,-1.0,0.6,406,889,0.457,71,196,0.36200000000000004,335,693,0.483,0.49700000000000005,180,215,0.8370000000000001,107,385,492,126,82,42,129,254,1063
248,Marquese Chriss,PF,3073800,USA,19,PHO,82,75,1743,12.3,0.529,0.354,0.28600000000000003,5.8,16.1,10.8,5.2,1.8,3.2,13.2,19.7,0.3,1.5,1.8,0.05,-1.6,0.0,-1.6,0.2,284,632,0.449,72,224,0.321,212,408,0.52,0.506,113,181,0.624,96,252,348,60,67,70,108,263,753
249,Marreese Speights,C,2116955,USA,29,LAC,82,2,1286,17.6,0.584,0.505,0.25,7.9,24.1,16.2,8.1,0.9,2.6,10.2,23.6,2.5,1.7,4.2,0.156,1.5,-0.8,0.7,0.9,244,548,0.445,103,277,0.37200000000000005,141,271,0.52,0.539,120,137,0.8759999999999999,88,285,373,66,23,41,69,229,711
251,Marvin Williams,PF,13168750,USA,30,CHO,76,76,2295,13.7,0.551,0.503,0.213,4.2,19.7,11.9,7.1,1.3,2.0,7.2,16.3,2.4,2.6,5.0,0.105,-0.3,0.5,0.2,1.3,297,704,0.42200000000000004,124,354,0.35,173,350,0.494,0.51,131,150,0.873,89,409,498,106,58,53,60,134,849
252,Mason Plumlee,C,14041096,USA,26,TOT,81,64,2148,18.1,0.5579999999999999,0.01,0.48200000000000004,8.8,22.5,15.6,19.8,1.6,3.4,15.2,18.1,3.6,2.5,6.0,0.134,0.0,2.6,2.6,2.5,334,623,0.536,0,6,0.0,334,617,0.541,0.536,174,300,0.58,170,436,606,284,69,92,135,226,842
253,Matthew Dellavedova,PG,9607500,Australia,26,MIL,76,54,1986,9.4,0.501,0.40299999999999997,0.18,1.4,7.1,4.3,25.7,1.4,0.0,18.8,16.3,0.3,0.9,1.2,0.028999999999999998,-1.9,-2.8,-4.7,-1.4,208,534,0.39,79,215,0.36700000000000005,129,319,0.40399999999999997,0.46299999999999997,82,96,0.8540000000000001,24,123,147,357,53,0,133,153,577
254,Maurice Harkless,SF,10162922,USA,23,POR,77,69,2223,13.2,0.57,0.311,0.19899999999999998,6.2,10.8,8.5,6.0,1.9,2.5,11.1,15.1,2.4,1.9,4.2,0.092,0.0,0.8,0.8,1.5,314,624,0.503,68,194,0.35100000000000003,246,430,0.5720000000000001,0.5579999999999999,77,124,0.621,125,216,341,89,85,70,85,214,773
255,Meyers Leonard,PF,9904495,USA,24,POR,74,12,1222,8.9,0.507,0.563,0.106,2.4,19.0,10.7,8.4,0.5,1.8,8.1,15.5,0.5,0.8,1.4,0.053,-2.1,-1.3,-3.4,-0.4,146,378,0.386,74,213,0.34700000000000003,72,165,0.436,0.484,35,40,0.875,27,209,236,71,13,28,35,172,401
256,Michael Beasley,PF,2116955,USA,28,MIL,56,6,935,17.8,0.584,0.106,0.259,5.0,18.9,12.0,9.9,1.5,2.5,12.7,25.3,0.8,1.0,1.8,0.09300000000000001,-1.7,-1.1,-2.9,-0.2,216,406,0.532,18,43,0.419,198,363,0.545,0.5539999999999999,78,105,0.743,40,153,193,53,28,27,66,92,528
257,Michael Carter-Williams,PG,2700000,USA,25,CHI,45,19,846,9.9,0.43700000000000006,0.209,0.252,3.0,16.4,9.7,20.0,2.3,2.2,16.3,20.9,-1.0,1.3,0.2,0.013000000000000001,-4.1,1.7,-2.4,-0.1,112,306,0.366,15,64,0.23399999999999999,97,242,0.401,0.391,58,77,0.753,24,128,152,113,38,23,66,102,297
258,Michael Kidd-Gilchrist,SF,13000000,USA,23,CHO,81,81,2349,14.3,0.528,0.015,0.314,7.3,19.3,13.2,7.4,1.7,2.9,7.4,14.6,2.7,3.1,5.8,0.11900000000000001,-2.0,2.2,0.2,1.3,295,618,0.47700000000000004,1,9,0.111,294,609,0.483,0.478,152,194,0.784,156,409,565,114,81,77,56,187,743
259,Mike Conley,PG,28530608,USA,29,MEM,69,68,2292,23.2,0.604,0.415,0.365,1.5,10.8,6.0,34.5,2.1,0.8,11.8,26.3,7.5,2.5,10.0,0.209,6.5,-0.7,5.8,4.5,464,1009,0.46,171,419,0.408,293,590,0.49700000000000005,0.545,316,368,0.8590000000000001,31,211,242,433,92,19,156,126,1415
260,Mike Muscala,C,5000000,USA,25,ATL,70,3,1237,14.4,0.596,0.326,0.19,6.9,14.4,10.7,11.9,1.2,2.8,13.1,14.8,1.8,1.6,3.4,0.132,-0.4,1.5,1.1,1.0,170,337,0.504,46,110,0.418,124,227,0.546,0.573,49,64,0.7659999999999999,76,164,240,95,30,41,55,97,435
261,Mike Scott,PF,1709538,USA,28,ATL,18,0,195,5.9,0.36,0.45799999999999996,0.136,5.7,15.0,10.4,12.5,1.0,1.3,11.3,15.8,-0.3,0.2,-0.1,-0.013999999999999999,-5.3,-0.1,-5.3,-0.2,17,59,0.28800000000000003,4,27,0.14800000000000002,13,32,0.406,0.322,7,8,0.875,10,27,37,17,4,3,8,12,45
263,Mindaugas Kuzminskas,SF,3025035,Lithuania,27,NYK,68,5,1016,12.4,0.5329999999999999,0.455,0.184,5.0,8.4,6.7,10.3,1.4,0.9,11.3,19.2,0.8,0.4,1.2,0.055,-0.2,-2.5,-2.7,-0.2,158,369,0.428,54,168,0.321,104,201,0.517,0.501,55,68,0.809,47,79,126,69,29,11,51,79,425
264,Mirza Teletovic,PF,10500000,Bosnia,31,MIL,70,2,1133,8.8,0.515,0.73,0.10800000000000001,1.1,15.4,8.3,6.4,0.5,1.0,7.8,19.1,-0.1,0.7,0.6,0.025,-1.5,-3.4,-4.9,-0.8,156,418,0.373,104,305,0.341,52,113,0.46,0.498,35,45,0.778,11,151,162,48,12,13,37,109,451
265,Montrezl Harrell,C,1471382,USA,23,HOU,58,14,1064,19.2,0.662,0.02,0.35100000000000003,8.3,14.2,11.2,9.6,0.9,3.2,9.9,17.6,3.1,1.0,4.1,0.183,0.8,0.2,0.9,0.8,225,345,0.652,1,7,0.14300000000000002,224,338,0.6629999999999999,0.654,76,121,0.628,81,138,219,64,20,42,44,126,527
266,Myles Turner,C,2569920,USA,20,IND,81,81,2541,18.5,0.585,0.132,0.349,6.2,19.5,13.0,6.6,1.5,6.0,9.5,19.5,4.3,3.7,8.0,0.151,-0.3,2.7,2.4,2.8,444,869,0.511,40,115,0.348,404,754,0.536,0.534,245,303,0.809,139,448,587,106,74,173,105,262,1173
267,Nemanja Bjelica,PF,3949999,Serbia,28,MIN,65,1,1190,11.0,0.526,0.49700000000000005,0.171,5.5,18.6,12.0,9.6,1.7,1.4,13.4,16.4,0.6,0.9,1.5,0.059000000000000004,-0.7,-0.4,-1.1,0.3,151,356,0.424,56,177,0.316,95,179,0.531,0.503,45,61,0.738,57,187,244,79,40,20,59,154,403
268,Nene Hilario,C,3477600,Brazil,34,HOU,67,8,1198,18.9,0.63,0.023,0.496,8.6,16.9,12.8,8.6,2.2,2.7,13.1,19.7,2.5,1.6,4.1,0.165,-0.4,0.9,0.5,0.8,245,397,0.617,3,9,0.33299999999999996,242,388,0.624,0.621,116,197,0.589,95,186,281,65,56,40,73,163,609
269,Nerlens Noel,C,4187599,USA,22,TOT,51,19,1047,20.4,0.622,0.003,0.359,9.8,22.3,15.9,8.1,3.1,4.1,12.5,17.6,2.1,1.9,4.0,0.182,-0.5,3.8,3.3,1.4,184,309,0.595,0,1,0.0,184,308,0.597,0.595,77,111,0.6940000000000001,93,201,294,50,65,51,51,126,445
270,Nick Collison,PF,2328652,USA,36,OKC,20,0,128,12.8,0.622,0.043,0.348,7.8,18.2,13.0,13.2,0.8,1.2,13.1,10.1,0.3,0.1,0.4,0.14400000000000002,-1.7,-0.1,-1.8,0.0,14,23,0.609,0,1,0.0,14,22,0.636,0.609,5,8,0.625,9,21,30,12,2,2,4,17,33
271,Nick Young,SG,5192000,USA,31,LAL,60,60,1556,14.1,0.588,0.665,0.142,1.7,8.2,4.8,5.8,1.2,0.7,5.1,19.5,3.0,0.2,3.2,0.098,2.6,-3.4,-0.7,0.5,272,633,0.43,170,421,0.40399999999999997,102,212,0.48100000000000004,0.564,77,90,0.856,25,112,137,58,37,14,36,137,791
272,Nicolas Batum,SG,22434783,France,28,CHO,77,77,2617,15.8,0.529,0.415,0.29100000000000004,1.9,18.4,10.1,27.6,1.6,1.0,15.0,22.3,1.7,2.8,4.5,0.083,0.6,0.6,1.2,2.1,393,975,0.40299999999999997,135,405,0.33299999999999996,258,570,0.45299999999999996,0.47200000000000003,243,284,0.856,46,435,481,455,86,29,194,109,1164
273,Nicolas Brussino,SF,1312611,Argentina,23,DAL,54,2,521,10.7,0.498,0.674,0.156,5.5,16.2,10.6,13.9,1.7,1.4,14.7,16.0,0.0,0.6,0.6,0.055,-1.7,0.7,-1.0,0.1,52,141,0.369,29,95,0.305,23,46,0.5,0.47200000000000003,17,22,0.773,26,69,95,47,17,8,26,43,150
274,Nik Stauskas,SG,3807146,Canada,23,PHI,80,27,2188,9.0,0.54,0.5660000000000001,0.237,1.1,10.3,5.7,12.9,1.0,1.2,15.5,16.4,0.1,1.4,1.4,0.031,-1.7,-0.7,-2.4,-0.2,251,634,0.396,132,359,0.368,119,275,0.433,0.5,122,150,0.813,21,205,226,188,45,32,128,144,756
275,Nikola Jokic,C,1471382,Serbia,21,DEN,73,59,2038,26.4,0.64,0.163,0.267,11.6,27.2,19.5,28.8,1.5,2.1,15.2,23.5,7.7,2.0,9.7,0.22899999999999998,6.2,2.2,8.3,5.3,494,854,0.578,45,139,0.324,449,715,0.628,0.605,188,228,0.825,212,506,718,359,61,56,171,214,1221
276,Nikola Mirotic,PF,12500000,Montenegro,25,CHI,70,15,1679,14.5,0.546,0.603,0.205,3.9,20.9,12.3,6.9,1.6,2.7,10.4,19.8,1.3,2.5,3.8,0.10800000000000001,0.0,0.5,0.4,1.0,258,625,0.413,129,377,0.342,129,248,0.52,0.516,99,128,0.773,61,323,384,75,53,56,79,128,744
277,Nikola Vucevic,C,12250000,Montenegro,26,ORL,75,55,2163,19.1,0.498,0.073,0.155,8.6,31.2,19.6,16.9,1.8,2.8,9.6,24.8,0.8,3.2,4.0,0.08800000000000001,-1.3,2.4,1.1,1.7,483,1031,0.46799999999999997,23,75,0.307,460,956,0.48100000000000004,0.48,107,160,0.669,176,603,779,208,77,74,117,180,1096
278,Noah Vonleh,PF,3505233,USA,21,POR,74,41,1265,10.8,0.525,0.07400000000000001,0.348,11.4,22.5,17.0,3.4,1.2,1.7,17.1,13.1,0.6,1.2,1.8,0.069,-3.5,-0.3,-3.9,-0.6,130,270,0.48100000000000004,7,20,0.35,123,250,0.49200000000000005,0.494,60,94,0.638,131,256,387,31,30,27,64,154,327
279,Norman Powell,SG,1471382,USA,23,TOR,76,18,1368,14.0,0.552,0.342,0.314,2.2,11.7,6.9,9.3,1.9,0.9,10.8,21.1,1.4,1.4,2.8,0.09699999999999999,-0.4,-1.2,-1.5,0.2,227,506,0.449,56,173,0.324,171,333,0.514,0.504,126,159,0.792,26,142,168,82,51,14,70,127,636
280,Okaro White,PF,1312611,USA,24,MIA,35,0,471,7.5,0.507,0.391,0.253,5.8,13.5,9.6,6.0,1.1,1.7,15.7,10.8,0.1,0.5,0.6,0.066,-3.1,0.9,-2.1,0.0,33,87,0.379,12,34,0.353,21,53,0.396,0.44799999999999995,20,22,0.909,25,57,82,21,10,10,18,52,98
282,Omri Casspi,SF,2106470,Israel,28,TOT,36,2,643,9.9,0.523,0.261,0.17600000000000002,4.9,15.2,10.1,8.6,1.8,0.4,14.0,14.5,0.1,0.4,0.5,0.037000000000000005,-2.5,-0.6,-3.0,-0.2,77,165,0.467,15,43,0.349,62,122,0.508,0.512,17,29,0.586,27,85,112,37,23,3,29,50,186
283,Otto Porter,SF,24773250,USA,23,WAS,80,80,2605,17.3,0.628,0.425,0.14800000000000002,5.1,17.1,11.1,6.7,2.2,1.3,4.8,15.1,6.5,2.9,9.4,0.17300000000000001,3.0,0.9,3.9,3.9,414,803,0.516,148,341,0.434,266,462,0.5760000000000001,0.608,99,119,0.8320000000000001,118,397,515,121,116,41,43,193,1075
284,P.J. Tucker,SF,7590035,USA,31,TOT,81,21,2236,10.5,0.516,0.40700000000000003,0.193,5.6,17.8,11.6,6.0,2.5,0.7,11.2,11.2,1.4,2.2,3.6,0.078,-0.7,1.6,0.9,1.6,199,482,0.413,70,196,0.35700000000000004,129,286,0.451,0.485,72,93,0.774,117,355,472,99,116,19,66,196,540
285,Pascal Siakam,PF,1312611,Cameroon,22,TOR,55,38,859,11.5,0.523,0.034,0.156,8.4,15.9,12.2,2.9,1.5,4.5,13.1,13.1,0.4,1.2,1.6,0.08900000000000001,-3.0,1.8,-1.1,0.2,103,205,0.502,1,7,0.14300000000000002,102,198,0.515,0.505,22,32,0.688,64,121,185,17,26,45,33,109,229
286,Pat Connaughton,SG,1471382,USA,24,POR,39,1,316,11.8,0.645,0.45799999999999996,0.125,3.5,14.8,9.1,12.7,0.9,0.5,18.3,13.0,0.4,0.2,0.6,0.09,-0.9,-1.6,-2.5,0.0,37,72,0.514,17,33,0.515,20,39,0.513,0.632,7,9,0.778,10,42,52,28,6,2,17,23,98
287,Patrick Beverley,SG,5513514,USA,28,HOU,67,67,2058,13.0,0.546,0.53,0.175,5.0,15.9,10.4,18.8,2.3,1.0,14.6,14.1,2.9,2.4,5.3,0.124,0.8,1.5,2.3,2.2,228,543,0.42,110,288,0.382,118,255,0.46299999999999997,0.521,73,95,0.768,95,299,394,281,99,25,100,222,639
288,Patrick McCaw,SG,1312611,USA,21,GSW,71,20,1074,8.6,0.54,0.502,0.151,2.4,7.6,5.2,9.0,1.4,1.1,12.1,11.9,0.6,1.2,1.7,0.077,-1.6,-0.1,-1.7,0.1,106,245,0.433,41,123,0.33299999999999996,65,122,0.5329999999999999,0.516,29,37,0.784,22,79,101,77,32,15,36,62,282
289,Patrick Patterson,PF,5192000,USA,27,TOR,65,8,1599,10.8,0.542,0.659,0.156,4.4,16.2,10.3,6.6,1.3,1.2,8.5,12.5,1.7,1.6,3.3,0.1,0.5,0.4,0.9,1.2,154,384,0.401,94,253,0.37200000000000005,60,131,0.45799999999999996,0.523,43,60,0.7170000000000001,62,229,291,76,40,23,38,120,445
290,Patty Mills,PG,10714286,Australia,28,SAS,80,8,1754,15.2,0.5770000000000001,0.5720000000000001,0.129,1.6,7.4,4.6,24.3,1.9,0.1,13.3,19.5,2.8,2.2,5.1,0.139,2.5,-1.2,1.3,1.5,273,622,0.439,147,356,0.413,126,266,0.474,0.557,66,80,0.825,24,118,142,280,65,3,101,109,759
291,Pau Gasol,C,16000000,Spain,36,SAS,64,39,1627,20.2,0.578,0.172,0.305,7.6,26.8,17.4,14.7,0.8,3.5,10.6,21.3,3.3,3.1,6.4,0.18899999999999997,0.9,2.8,3.7,2.4,303,604,0.502,56,104,0.5379999999999999,247,500,0.494,0.5479999999999999,130,184,0.7070000000000001,107,394,501,150,24,70,81,110,792
292,Paul George,SF,19508958,USA,26,IND,75,75,2689,20.2,0.586,0.368,0.27699999999999997,2.5,17.9,10.3,16.1,2.2,0.9,12.6,28.9,4.0,3.1,7.1,0.127,3.1,-0.3,2.8,3.2,622,1349,0.461,195,496,0.39299999999999996,427,853,0.501,0.5329999999999999,336,374,0.898,58,434,492,251,117,27,218,206,1775
293,Paul Millsap,PF,31269231,USA,31,ATL,69,67,2343,17.8,0.542,0.248,0.41700000000000004,5.3,19.5,12.5,17.9,1.9,2.3,12.1,24.4,2.6,3.8,6.4,0.132,0.5,2.1,2.7,2.7,430,972,0.442,75,241,0.311,355,731,0.486,0.48100000000000004,311,405,0.768,111,422,533,252,90,62,158,186,1246
294,Paul Zipser,SF,1312611,Germany,22,CHI,44,18,843,6.9,0.503,0.44799999999999995,0.18100000000000002,1.9,14.2,8.0,6.1,0.9,1.5,14.4,14.4,-0.3,0.8,0.5,0.03,-3.6,-0.1,-3.7,-0.4,88,221,0.39799999999999996,33,99,0.33299999999999996,55,122,0.451,0.473,31,40,0.775,15,110,125,36,15,16,40,78,240
295,Quincy Acy,PF,1709538,USA,26,TOT,38,1,558,11.8,0.565,0.529,0.353,3.9,18.0,11.0,4.9,1.2,2.0,9.7,16.8,0.5,0.5,0.9,0.08199999999999999,-1.8,-1.2,-3.0,-0.1,70,170,0.41200000000000003,37,90,0.41100000000000003,33,80,0.413,0.521,45,60,0.75,20,95,115,18,14,15,21,67,222
296,Quinn Cook,PG,100000,USA,23,TOT,14,0,188,11.8,0.579,0.39399999999999996,0.076,0.6,3.6,2.0,22.8,1.1,0.0,16.0,19.6,0.1,0.1,0.2,0.047,-1.7,-4.2,-5.9,-0.2,33,66,0.5,11,26,0.423,22,40,0.55,0.583,2,5,0.4,1,6,7,26,4,0,13,13,79
297,Rajon Rondo,PG,3300000,USA,30,CHI,69,42,1843,13.6,0.461,0.237,0.08900000000000001,4.2,16.6,10.4,37.0,2.7,0.5,22.4,17.8,-0.3,2.7,2.3,0.061,-1.3,1.6,0.3,1.1,229,561,0.408,50,133,0.376,179,428,0.418,0.45299999999999996,30,50,0.6,73,282,355,461,99,11,168,144,538
298,Ramon Sessions,PG,2328652,USA,30,CHO,50,1,811,12.3,0.495,0.23600000000000002,0.449,1.5,8.5,4.9,24.2,1.6,0.3,12.7,20.1,0.3,0.6,0.9,0.054000000000000006,-2.4,-2.3,-4.8,-0.6,100,263,0.38,21,62,0.33899999999999997,79,201,0.39299999999999996,0.42,91,118,0.7709999999999999,11,62,73,129,26,3,46,43,312
299,Rashad Vaughn,SG,1889040,USA,20,MIL,41,2,458,7.8,0.449,0.519,0.032,1.0,11.3,6.2,7.4,2.1,1.9,8.1,17.2,-0.5,0.4,0.0,-0.005,-3.7,-1.2,-4.9,-0.3,57,156,0.365,26,81,0.321,31,75,0.413,0.449,2,5,0.4,4,45,49,23,19,10,14,32,142
300,Raul Neto,PG,1471382,Brazil,24,UTA,40,0,346,10.7,0.527,0.341,0.099,1.4,8.4,5.0,15.1,3.2,1.2,13.6,14.8,0.2,0.6,0.7,0.1,-1.7,1.4,-0.3,0.1,41,91,0.451,10,31,0.32299999999999995,31,60,0.517,0.505,8,9,0.889,4,26,30,34,21,5,15,48,100
301,Raymond Felton,PG,2328652,USA,32,LAC,80,11,1700,10.9,0.496,0.28,0.125,2.2,11.8,7.1,16.3,2.0,1.1,13.3,16.5,0.2,1.8,2.0,0.055,-1.8,0.9,-0.9,0.5,221,514,0.43,46,144,0.319,175,370,0.473,0.475,50,64,0.7809999999999999,33,184,217,191,67,22,83,125,538
302,Reggie Bullock,SF,2500000,USA,25,DET,31,5,467,11.7,0.5379999999999999,0.57,0.055,2.9,12.4,7.5,8.8,1.9,0.5,7.1,13.4,0.4,0.5,1.0,0.10099999999999999,-0.4,0.5,0.1,0.2,54,128,0.42200000000000004,28,73,0.384,26,55,0.473,0.531,5,7,0.7140000000000001,13,51,64,29,18,3,10,22,141
303,Reggie Jackson,PG,16000000,USA,26,DET,52,50,1424,14.9,0.51,0.272,0.201,1.6,7.3,4.3,30.3,1.2,0.3,13.4,26.4,0.8,1.2,1.9,0.065,0.6,-2.1,-1.4,0.2,284,677,0.419,66,184,0.359,218,493,0.442,0.46799999999999997,118,136,0.868,21,92,113,270,35,5,114,129,752
304,Richard Jefferson,SF,2500000,USA,36,CLE,79,13,1614,8.2,0.574,0.542,0.315,2.0,11.5,6.9,6.6,0.8,0.5,11.8,12.2,1.3,0.8,2.1,0.063,-1.3,-1.0,-2.4,-0.1,153,343,0.446,62,186,0.33299999999999996,91,157,0.58,0.536,80,108,0.741,28,174,202,78,26,10,52,153,448
305,Richaun Holmes,C,1471382,USA,23,PHI,57,17,1193,18.6,0.611,0.187,0.25,8.7,20.1,14.4,8.3,1.7,3.7,10.7,18.6,2.2,1.6,3.7,0.151,0.2,1.5,1.7,1.1,230,412,0.5579999999999999,27,77,0.35100000000000003,203,335,0.606,0.591,72,103,0.6990000000000001,94,217,311,58,42,55,55,136,559
306,Ricky Rubio,PG,14275000,Spain,26,MIN,75,75,2469,16.8,0.539,0.302,0.43799999999999994,3.2,11.4,7.2,38.9,2.6,0.3,20.1,17.4,4.5,1.7,6.1,0.11900000000000001,1.7,-1.0,0.8,1.7,261,650,0.402,60,196,0.306,201,454,0.44299999999999995,0.44799999999999995,254,285,0.8909999999999999,68,237,305,682,128,10,195,202,836
307,Robert Covington,SF,16698103,USA,26,PHI,67,67,2119,13.2,0.534,0.563,0.23800000000000002,4.8,17.9,11.3,7.5,2.9,2.6,13.9,19.2,0.0,3.2,3.1,0.071,-0.7,2.0,1.4,1.8,292,732,0.39899999999999997,137,412,0.33299999999999996,155,320,0.484,0.49200000000000005,143,174,0.8220000000000001,92,344,436,102,127,69,131,203,864
308,Robin Lopez,C,13788500,USA,28,CHI,81,81,2271,14.4,0.511,0.003,0.134,11.4,13.2,12.3,5.6,0.4,4.1,9.9,17.5,1.8,2.4,4.3,0.09,-1.9,1.0,-0.9,0.6,382,775,0.493,0,2,0.0,382,773,0.494,0.493,75,104,0.721,243,276,519,80,18,117,90,151,839
309,Rodney Hood,SG,2386864,USA,24,UTA,59,55,1593,12.4,0.522,0.461,0.17300000000000001,1.2,13.1,7.3,10.1,1.3,0.6,8.3,22.9,0.7,1.9,2.6,0.078,-0.3,-0.9,-1.2,0.3,272,666,0.408,114,307,0.371,158,359,0.44,0.494,90,115,0.7829999999999999,16,186,202,96,38,11,65,132,748
310,Rodney McGruder,SG,1312611,USA,25,MIA,78,65,1966,9.1,0.506,0.478,0.154,5.3,9.2,7.2,8.8,1.2,0.7,10.2,12.3,1.2,1.7,2.9,0.07200000000000001,-0.8,0.5,-0.4,0.8,190,460,0.413,73,220,0.332,117,240,0.488,0.49200000000000005,44,71,0.62,95,162,257,124,45,18,56,140,497
311,Ron Baker,SG,4328000,USA,23,NYK,52,13,857,7.5,0.456,0.396,0.198,1.5,10.8,6.2,17.3,2.0,0.8,19.2,14.8,-0.6,0.5,-0.1,-0.008,-3.5,-0.9,-4.4,-0.5,82,217,0.37799999999999995,23,86,0.267,59,131,0.45,0.431,28,43,0.6509999999999999,12,86,98,107,34,8,56,74,215
312,Rondae Hollis-Jefferson,SF,1471382,USA,22,BRK,78,50,1761,13.7,0.517,0.124,0.467,5.8,21.1,13.6,13.4,2.2,1.9,15.1,18.7,0.4,2.2,2.6,0.07,-2.9,1.9,-1.0,0.4,235,542,0.434,15,67,0.22399999999999998,220,475,0.46299999999999997,0.447,190,253,0.7509999999999999,96,356,452,154,82,44,116,177,675
313,Rudy Gay,SF,8406000,USA,30,SAC,30,30,1013,17.9,0.5589999999999999,0.256,0.312,4.0,17.5,10.8,13.9,2.2,2.3,12.8,25.8,0.8,1.0,1.8,0.086,0.3,0.4,0.7,0.7,201,442,0.455,42,113,0.37200000000000005,159,329,0.483,0.502,118,138,0.855,35,155,190,82,44,26,74,79,562
314,Rudy Gobert,C,21974719,France,24,UTA,81,81,2744,23.3,0.682,0.002,0.763,13.6,29.5,21.8,5.7,0.9,6.4,15.1,16.7,8.3,6.0,14.3,0.25,1.4,4.5,5.8,5.4,413,624,0.662,0,1,0.0,413,623,0.6629999999999999,0.662,311,476,0.653,314,721,1035,97,49,214,148,246,1137
315,Russell Westbrook,PG,28530608,USA,28,OKC,81,81,2802,30.6,0.5539999999999999,0.3,0.433,5.4,28.8,17.1,57.3,2.3,0.9,15.9,41.7,8.5,4.6,13.1,0.22399999999999998,10.9,4.7,15.6,12.4,824,1941,0.425,200,583,0.34299999999999997,624,1358,0.45899999999999996,0.47600000000000003,710,840,0.845,137,727,864,840,133,31,438,190,2558
316,Ryan Anderson,PF,19578455,USA,28,HOU,72,72,2116,13.5,0.583,0.655,0.19399999999999998,5.8,11.2,8.5,4.7,0.7,0.5,6.2,17.9,4.0,1.1,5.2,0.11800000000000001,1.8,-2.6,-0.8,0.6,323,773,0.418,204,506,0.40299999999999997,119,267,0.446,0.55,129,150,0.86,112,218,330,68,32,14,55,142,979
317,Salah Mejri,C,1471382,Tunisia,30,DAL,73,11,905,14.8,0.65,0.022000000000000002,0.445,11.9,28.4,19.8,2.4,1.8,6.1,19.6,10.6,1.3,1.7,3.0,0.159,-3.6,3.8,0.2,0.5,88,137,0.642,1,3,0.33299999999999996,87,134,0.649,0.6459999999999999,36,61,0.59,97,211,308,14,32,61,40,152,213
318,Sam Dekker,SF,1794600,USA,22,HOU,77,2,1419,13.0,0.5489999999999999,0.436,0.159,7.2,14.6,10.9,7.7,1.3,1.2,8.2,14.9,1.9,1.2,3.1,0.105,-0.4,-0.6,-1.1,0.3,203,429,0.473,60,187,0.321,143,242,0.591,0.5429999999999999,38,68,0.5589999999999999,94,190,284,76,38,21,41,83,504
319,Sean Kilpatrick,SG,1524305,USA,27,BRK,70,24,1754,13.1,0.546,0.419,0.32899999999999996,1.3,15.4,8.4,14.6,1.2,0.3,13.9,23.9,0.3,1.1,1.4,0.039,-1.2,-1.8,-3.0,-0.4,305,735,0.415,105,308,0.341,200,427,0.46799999999999997,0.486,204,242,0.843,22,258,280,157,46,6,136,118,919
320,Serge Ibaka,PF,20061729,Democratic Re_,27,TOT,79,79,2422,16.4,0.5660000000000001,0.32299999999999995,0.127,5.7,19.0,12.2,5.2,0.8,4.2,9.2,20.9,2.5,2.6,5.1,0.10099999999999999,-0.5,0.1,-0.4,1.0,471,982,0.48,124,317,0.391,347,665,0.522,0.5429999999999999,107,125,0.856,129,409,538,75,41,124,105,215,1173
321,Shabazz Muhammad,SF,1577230,USA,24,MIN,78,1,1516,14.9,0.5660000000000001,0.244,0.318,6.4,10.6,8.5,3.7,0.7,0.3,7.6,21.5,2.5,0.2,2.7,0.086,-0.2,-4.3,-4.4,-0.9,288,598,0.48200000000000004,49,146,0.336,239,452,0.529,0.523,147,190,0.774,84,136,220,35,22,6,56,86,772
322,Shabazz Napier,PG,2361360,USA,25,POR,53,2,512,13.6,0.5329999999999999,0.503,0.268,1.7,11.5,6.6,19.5,3.1,0.3,16.7,21.2,0.1,0.5,0.6,0.06,-0.9,-1.3,-2.2,0.0,73,183,0.39899999999999997,34,92,0.37,39,91,0.429,0.49200000000000005,38,49,0.7759999999999999,8,53,61,67,32,2,41,38,218
323,Shaun Livingston,PG,7692308,USA,31,GSW,76,3,1345,10.1,0.568,0.009000000000000001,0.19,2.4,9.4,6.2,13.5,1.4,1.2,15.1,12.9,1.1,1.6,2.6,0.094,-2.5,0.5,-2.0,0.0,173,316,0.547,1,3,0.33299999999999996,172,313,0.55,0.5489999999999999,42,60,0.7,28,123,151,139,38,20,61,120,389
324,Shelvin Mack,PG,6000000,USA,26,UTA,55,9,1205,10.9,0.518,0.315,0.20199999999999999,2.0,10.1,6.1,20.4,1.8,0.2,17.8,19.6,-0.1,1.5,1.4,0.054000000000000006,-1.7,-0.1,-1.8,0.1,170,381,0.446,37,120,0.308,133,261,0.51,0.495,53,77,0.688,20,108,128,154,42,3,90,100,430
325,Skal Labissiere,PF,1312611,Haiti,20,SAC,33,12,612,16.8,0.5770000000000001,0.037000000000000005,0.33899999999999997,9.7,20.7,15.3,7.5,1.3,1.9,12.9,21.3,0.7,0.5,1.3,0.099,-1.7,-0.9,-2.6,-0.1,117,218,0.537,3,8,0.375,114,210,0.5429999999999999,0.544,52,74,0.703,51,111,162,27,16,13,37,64,289
326,Solomon Hill,SF,12236535,USA,25,NOP,80,71,2374,8.0,0.528,0.5660000000000001,0.268,2.3,11.4,6.8,8.1,1.5,1.1,13.3,11.5,0.4,2.3,2.7,0.055,-1.8,1.5,-0.3,1.0,183,477,0.384,94,270,0.348,89,207,0.43,0.48200000000000004,103,128,0.805,51,256,307,141,71,32,82,182,563
327,Spencer Dinwiddie,PG,1524305,USA,23,BRK,59,18,1334,12.7,0.581,0.33399999999999996,0.526,2.2,10.7,6.5,20.3,1.6,1.3,15.1,14.1,1.9,0.9,2.8,0.10099999999999999,-0.7,-0.2,-0.9,0.4,134,302,0.444,38,101,0.376,96,201,0.478,0.507,126,159,0.792,27,137,164,185,44,23,66,119,432
328,Stanley Johnson,SF,3097800,USA,20,DET,77,1,1371,7.2,0.436,0.42200000000000004,0.145,2.8,12.7,7.5,10.5,2.1,1.5,15.5,14.8,-1.4,1.8,0.4,0.012,-3.8,1.8,-2.0,0.0,129,365,0.353,45,154,0.292,84,211,0.39799999999999996,0.415,36,53,0.679,36,153,189,105,56,24,71,121,339
329,Stephen Curry,PG,34682550,USA,28,GSW,79,79,2638,24.6,0.624,0.547,0.251,2.7,11.4,7.3,31.1,2.6,0.5,13.0,30.1,8.6,3.9,12.6,0.22899999999999998,7.7,-0.4,7.3,6.2,675,1443,0.46799999999999997,324,789,0.41100000000000003,351,654,0.537,0.58,325,362,0.898,61,292,353,523,143,17,239,183,1999
330,Steven Adams,C,22471910,New Zealand,23,OKC,80,80,2389,16.5,0.589,0.002,0.392,13.0,15.5,14.2,5.4,1.8,2.6,16.0,16.2,3.3,3.1,6.4,0.13,-0.7,1.2,0.5,1.5,374,655,0.5710000000000001,0,1,0.0,374,654,0.5720000000000001,0.5710000000000001,157,257,0.611,282,333,615,86,88,78,146,195,905
331,T.J. McConnell,PG,1471382,USA,24,PHI,81,51,2133,13.7,0.504,0.107,0.17600000000000002,2.0,11.0,6.5,37.5,3.1,0.4,22.4,14.4,1.4,2.4,3.8,0.084,-2.0,0.1,-1.9,0.0,236,512,0.461,11,55,0.2,225,457,0.49200000000000005,0.47200000000000003,73,90,0.8109999999999999,39,212,251,534,134,10,159,139,556
332,T.J. Warren,SF,3152931,USA,23,PHO,66,59,2048,15.6,0.539,0.12,0.18899999999999997,6.5,11.7,9.0,5.8,1.8,1.5,6.1,19.2,3.0,1.1,4.1,0.096,0.2,-0.5,-0.3,0.9,403,814,0.495,26,98,0.265,377,716,0.527,0.511,119,154,0.773,125,214,339,75,76,39,57,175,951
333,Taj Gibson,PF,14000000,USA,31,TOT,78,71,1989,15.1,0.5429999999999999,0.018000000000000002,0.223,8.6,18.0,13.2,5.9,1.1,2.6,11.9,19.3,1.6,2.5,4.0,0.098,-2.4,0.3,-2.1,0.0,365,709,0.515,3,13,0.231,362,696,0.52,0.517,113,158,0.715,158,328,486,73,42,66,105,163,846
334,Tarik Black,C,3290000,USA,25,LAL,67,16,1091,15.0,0.56,0.006999999999999999,0.371,13.8,20.7,17.1,5.3,1.3,3.3,14.5,15.7,1.5,0.9,2.4,0.105,-1.8,0.2,-1.6,0.1,150,294,0.51,1,2,0.5,149,292,0.51,0.512,82,109,0.752,143,199,342,39,30,44,58,173,383
335,Taurean Waller-Prince,SF,2422560,USA,22,ATL,59,10,981,9.8,0.513,0.358,0.33,2.8,14.6,8.8,8.4,2.2,2.4,15.7,17.2,-0.4,1.5,1.1,0.054000000000000006,-3.8,1.5,-2.3,-0.1,114,285,0.4,33,102,0.324,81,183,0.44299999999999995,0.45799999999999996,74,94,0.787,25,132,157,55,43,27,61,96,335
336,Terrence Ross,SF,10500000,USA,25,TOT,78,24,1955,13.4,0.55,0.524,0.10300000000000001,1.0,10.9,5.9,7.1,2.3,1.4,8.0,19.3,1.5,2.0,3.5,0.086,0.4,-0.6,-0.2,0.9,326,746,0.43700000000000006,142,391,0.363,184,355,0.518,0.532,64,77,0.831,18,189,207,88,88,33,68,143,858
337,Terry Rozier,PG,1988520,USA,22,BOS,74,0,1263,10.8,0.466,0.436,0.161,3.6,16.3,10.0,15.2,1.8,0.7,9.7,17.1,0.0,1.4,1.4,0.053,-2.5,0.0,-2.5,-0.2,151,411,0.36700000000000005,57,179,0.318,94,232,0.405,0.43700000000000006,51,66,0.773,40,187,227,131,45,11,47,69,410
338,Thabo Sefolosha,SF,5250000,Switzerland,32,ATL,62,42,1596,11.9,0.519,0.304,0.19,3.8,14.7,9.3,9.9,3.0,1.7,11.9,13.3,0.6,2.7,3.3,0.098,-1.9,3.1,1.2,1.3,174,395,0.441,41,120,0.342,133,275,0.484,0.49200000000000005,55,75,0.733,54,216,270,107,96,31,58,97,444
339,Thaddeus Young,PF,14796348,USA,28,IND,74,74,2237,14.9,0.562,0.172,0.125,6.7,15.8,11.3,8.4,2.6,1.2,11.7,16.5,1.9,2.7,4.6,0.099,0.0,1.5,1.5,2.0,362,687,0.527,45,118,0.381,317,569,0.557,0.56,45,86,0.523,131,318,449,122,114,30,96,135,814
340,Thon Maker,C,2684160,South Sudan,19,MIL,57,34,562,14.0,0.5579999999999999,0.409,0.271,8.4,15.2,11.8,6.2,0.9,4.1,7.7,17.8,0.8,0.5,1.3,0.113,-0.5,-1.0,-1.5,0.1,83,181,0.45899999999999996,28,74,0.37799999999999995,55,107,0.514,0.536,32,49,0.653,40,74,114,23,10,26,17,84,226
341,Tim Frazier,PG,2000000,USA,26,NOP,65,35,1525,12.4,0.504,0.317,0.319,2.3,9.7,6.0,31.4,1.8,0.3,18.0,16.3,1.0,1.4,2.4,0.075,-1.5,-0.7,-2.2,-0.1,163,404,0.40299999999999997,40,128,0.313,123,276,0.446,0.45299999999999996,98,129,0.76,34,139,173,335,56,6,101,133,464
342,Tim Hardaway,SG,16500000,USA,24,ATL,79,30,2154,15.2,0.568,0.457,0.235,1.8,9.5,5.7,14.3,1.3,0.6,9.5,22.5,2.7,2.1,4.8,0.107,1.3,-1.5,-0.3,0.9,415,912,0.455,149,417,0.35700000000000004,266,495,0.537,0.537,164,214,0.7659999999999999,35,189,224,182,55,15,106,103,1143
343,Timofey Mozgov,C,15280000,Russia,30,LAL,54,52,1104,12.3,0.5529999999999999,0.003,0.23800000000000002,9.9,16.4,13.1,5.9,0.7,2.3,16.6,16.8,0.7,0.4,1.1,0.048,-2.8,-0.8,-3.6,-0.4,169,328,0.515,0,1,0.0,169,327,0.517,0.515,63,78,0.8079999999999999,104,160,264,43,16,31,72,133,401
344,Timothe Luwawu-Cabarrot,SF,1386600,France,21,PHI,69,19,1190,8.5,0.536,0.446,0.341,2.3,11.5,6.9,9.6,1.3,0.7,15.0,17.8,0.0,0.8,0.8,0.034,-2.8,-1.2,-4.0,-0.6,145,361,0.402,50,161,0.311,95,200,0.475,0.47100000000000003,105,123,0.8540000000000001,25,124,149,75,32,10,73,154,445
345,Tobias Harris,PF,16000000,USA,24,DET,82,48,2567,16.9,0.568,0.295,0.213,2.6,15.6,8.8,8.8,1.2,1.3,7.6,21.7,4.0,2.8,6.9,0.129,1.1,0.1,1.2,2.1,511,1063,0.48100000000000004,109,314,0.34700000000000003,402,749,0.537,0.532,190,226,0.841,63,353,416,142,60,39,95,133,1321
346,Tomas Satoransky,SG,3000000,Czech Republic,25,WAS,57,3,719,8.5,0.48,0.253,0.226,3.9,9.1,6.5,16.7,1.8,0.7,19.1,12.1,0.1,0.5,0.6,0.040999999999999995,-2.9,-0.2,-3.1,-0.2,61,146,0.418,9,37,0.243,52,109,0.47700000000000004,0.449,23,33,0.6970000000000001,25,58,83,92,26,6,38,60,154
347,Tony Allen,SG,2116955,USA,35,MEM,71,66,1914,13.3,0.493,0.091,0.218,9.6,13.8,11.7,8.4,3.1,1.4,13.3,17.9,0.2,2.9,3.1,0.077,-1.8,2.4,0.7,1.3,274,595,0.461,15,54,0.278,259,541,0.479,0.473,80,130,0.615,166,225,391,98,115,29,100,178,643
348,Tony Parker,PG,15453126,France,34,SAS,63,63,1587,13.0,0.514,0.121,0.20600000000000002,0.7,7.3,4.0,27.8,1.1,0.1,12.5,20.2,1.4,1.7,3.0,0.091,-1.2,-1.7,-3.0,-0.4,265,569,0.466,23,69,0.33299999999999996,242,500,0.484,0.486,85,117,0.726,9,104,113,285,33,2,89,92,638
349,Tony Snell,SG,9821429,USA,25,MIL,80,80,2336,9.7,0.603,0.6559999999999999,0.107,1.1,11.1,6.2,5.9,1.2,0.5,8.8,12.1,2.1,1.3,3.4,0.071,0.2,-1.1,-0.8,0.7,246,541,0.455,144,355,0.406,102,186,0.5479999999999999,0.588,47,58,0.81,22,226,248,96,54,14,55,125,683
350,Treveon Graham,SG,1312611,USA,23,CHO,27,1,189,10.6,0.612,0.375,0.375,2.9,10.0,6.4,4.7,1.6,0.5,6.0,11.8,0.3,0.2,0.4,0.10800000000000001,-1.5,-1.3,-2.8,0.0,19,40,0.475,9,15,0.6,10,25,0.4,0.588,10,15,0.667,5,17,22,6,6,1,3,18,57
351,Trevor Ariza,SF,7420912,USA,31,HOU,80,80,2773,12.3,0.5479999999999999,0.695,0.158,2.1,15.9,9.0,8.8,2.5,0.6,8.0,14.1,2.8,3.2,6.0,0.10400000000000001,0.7,1.0,1.7,2.6,326,798,0.409,191,555,0.344,135,243,0.556,0.528,93,126,0.738,54,405,459,175,147,20,74,133,936
352,Trevor Booker,PF,9125000,USA,29,BRK,71,43,1754,15.7,0.5539999999999999,0.132,0.18600000000000003,8.7,25.5,17.2,12.9,2.1,1.2,16.6,18.7,0.9,2.2,3.1,0.086,-1.6,1.8,0.2,1.0,305,591,0.516,25,78,0.321,280,513,0.546,0.537,74,110,0.6729999999999999,142,428,570,138,76,28,127,152,709
353,Trey Burke,PG,784160,USA,24,WAS,57,0,703,10.8,0.532,0.275,0.114,1.1,6.4,3.8,20.7,0.8,0.6,15.2,19.6,0.3,0.3,0.5,0.036000000000000004,-2.3,-3.4,-5.7,-0.7,116,255,0.455,31,70,0.44299999999999995,85,185,0.45899999999999996,0.516,22,29,0.759,7,40,47,100,11,5,48,54,285
354,Trey Lyles,PF,2441400,USA,21,UTA,71,4,1158,10.0,0.46399999999999997,0.465,0.18,4.9,18.1,11.7,9.6,1.2,1.4,11.9,21.7,-0.9,1.6,0.8,0.032,-2.9,-0.1,-3.0,-0.3,159,439,0.36200000000000004,65,204,0.319,94,235,0.4,0.436,57,79,0.722,48,187,235,70,26,20,64,97,440
355,Tristan Thompson,C,16400000,Canada,25,CLE,78,78,2336,15.3,0.594,0.006999999999999999,0.48700000000000004,14.0,19.6,16.9,4.6,0.8,2.9,10.8,11.3,5.0,2.3,7.3,0.15,0.0,1.5,1.5,2.1,262,437,0.6,0,3,0.0,262,434,0.604,0.6,106,213,0.498,287,429,716,77,39,84,64,176,630
356,Troy Daniels,SG,3408520,USA,25,MEM,67,3,1183,10.4,0.531,0.7170000000000001,0.109,2.0,7.9,4.8,6.6,0.9,0.3,8.0,21.7,0.5,0.8,1.3,0.051,0.3,-3.4,-3.1,-0.3,185,495,0.374,138,355,0.389,47,140,0.336,0.513,43,54,0.7959999999999999,21,79,100,46,21,4,45,90,551
357,Troy Williams,SF,1471382,USA,22,TOT,30,16,557,8.9,0.511,0.371,0.192,3.0,11.2,7.0,7.0,2.5,1.7,15.4,17.2,-0.4,0.7,0.3,0.03,-3.4,0.7,-2.7,-0.1,73,167,0.43700000000000006,18,62,0.29,55,105,0.524,0.491,21,32,0.6559999999999999,15,54,69,25,27,10,33,60,185
358,Tyler Ennis,PG,1524305,Canada,22,TOT,53,2,588,11.0,0.521,0.337,0.12,1.8,6.8,4.3,21.7,2.1,0.3,17.0,19.1,0.1,0.3,0.4,0.033,-2.1,-2.7,-4.7,-0.4,90,208,0.433,27,70,0.386,63,138,0.457,0.498,21,25,0.84,10,36,46,86,26,2,45,58,228
359,Tyler Johnson,PG,5881260,USA,24,MIA,73,0,2178,15.9,0.535,0.303,0.308,2.5,12.5,7.4,16.6,1.9,1.6,8.8,20.9,3.1,2.7,5.8,0.128,0.7,0.7,1.5,1.9,357,824,0.433,93,250,0.37200000000000005,264,574,0.46,0.49,195,254,0.768,50,243,293,233,84,44,90,176,1002
360,Tyler Ulis,PG,1312611,USA,21,PHO,61,15,1123,13.0,0.474,0.18100000000000002,0.162,1.9,7.5,4.6,30.5,2.0,0.4,14.1,20.3,0.3,0.4,0.7,0.028999999999999998,-1.4,-2.5,-4.0,-0.6,184,437,0.42100000000000004,21,79,0.266,163,358,0.455,0.445,55,71,0.775,20,75,95,226,48,5,77,73,444
361,Tyler Zeller,C,1709538,USA,27,BOS,51,5,525,13.0,0.508,0.006,0.247,9.2,17.0,13.2,12.2,0.7,3.3,10.2,16.5,0.5,0.6,1.0,0.094,-3.2,0.8,-2.5,-0.1,78,158,0.494,0,1,0.0,78,157,0.49700000000000005,0.494,22,39,0.564,43,81,124,42,7,21,20,61,178
362,Tyreke Evans,SF,3290000,USA,27,TOT,40,6,788,15.5,0.501,0.319,0.249,1.8,17.1,9.5,25.9,2.2,1.0,12.9,26.7,-0.2,0.9,0.7,0.045,-0.7,-0.1,-0.9,0.2,150,370,0.405,42,118,0.35600000000000004,108,252,0.429,0.462,69,92,0.75,13,124,137,124,35,9,61,60,411
364,Tyus Jones,PG,1471382,USA,20,MIN,60,0,774,13.8,0.523,0.40299999999999997,0.23800000000000002,1.5,8.7,5.0,28.0,3.1,0.6,16.0,13.6,1.0,0.6,1.5,0.095,-0.4,-1.5,-1.9,0.0,75,181,0.414,26,73,0.35600000000000004,49,108,0.45399999999999996,0.486,33,43,0.767,10,57,67,156,47,5,38,50,209
365,Udonis Haslem,C,2328652,USA,36,MIA,17,0,130,8.4,0.524,0.13,0.652,6.7,24.1,15.3,6.4,1.9,0.6,21.3,12.8,0.0,0.2,0.2,0.069,-4.9,1.1,-3.7,-0.1,11,23,0.478,0,3,0.0,11,20,0.55,0.478,9,15,0.6,8,28,36,6,5,1,8,22,31
366,Victor Oladipo,SG,21000000,USA,24,OKC,67,67,2222,13.6,0.534,0.37799999999999995,0.165,1.9,12.6,7.2,12.5,1.7,0.8,10.6,21.4,1.7,2.3,4.0,0.085,-0.4,-0.9,-1.3,0.4,412,932,0.442,127,352,0.361,285,580,0.491,0.51,116,154,0.753,39,252,291,176,78,21,119,155,1067
367,Vince Carter,SF,8000000,USA,40,MEM,73,15,1799,11.7,0.542,0.604,0.235,2.2,12.5,7.2,11.5,1.7,1.9,8.5,14.9,1.9,2.1,4.0,0.106,0.1,0.9,1.0,1.4,193,490,0.39399999999999996,112,296,0.37799999999999995,81,194,0.418,0.508,88,115,0.765,36,191,227,133,60,36,50,163,586
368,Wade Baldwin,PG,1874400,USA,20,MEM,33,1,405,6.4,0.40399999999999997,0.191,0.322,3.0,10.2,6.5,22.8,2.3,1.7,23.4,19.2,-0.9,0.5,-0.4,-0.045,-6.3,0.6,-5.8,-0.4,36,115,0.313,3,22,0.136,33,93,0.355,0.326,31,37,0.838,11,35,46,61,18,7,40,40,106
369,Wayne Ellington,SG,6270000,USA,29,MIA,62,13,1500,12.6,0.565,0.71,0.077,1.3,8.6,4.9,7.1,1.2,0.2,5.0,17.9,2.1,1.2,3.3,0.105,1.8,-1.9,-0.2,0.7,231,555,0.41600000000000004,149,394,0.37799999999999995,82,161,0.509,0.55,37,43,0.86,18,115,133,70,35,4,30,70,648
370,Wayne Selden,SG,1312611,USA,22,TOT,14,5,236,6.9,0.525,0.483,0.379,0.5,7.2,3.8,8.5,1.3,0.4,15.1,15.3,-0.1,0.2,0.1,0.017,-3.4,-1.6,-5.0,-0.2,25,58,0.431,7,28,0.25,18,30,0.6,0.491,14,22,0.636,1,15,16,13,6,1,12,18,71
371,Wesley Johnson,SF,5881260,USA,29,LAC,68,3,810,8.4,0.44799999999999995,0.59,0.085,3.7,20.8,12.5,3.9,1.8,3.0,8.0,12.5,-0.3,1.2,0.9,0.051,-3.4,1.6,-1.8,0.0,73,200,0.365,29,118,0.24600000000000002,44,82,0.537,0.43799999999999994,11,17,0.647,26,155,181,23,29,30,18,83,186
372,Wesley Matthews,SG,17884176,USA,30,DAL,73,73,2495,11.9,0.5329999999999999,0.5660000000000001,0.21100000000000002,0.8,11.8,6.0,13.6,1.6,0.6,9.9,19.4,1.0,2.1,3.1,0.06,0.2,-0.1,0.1,1.3,333,847,0.39299999999999996,174,479,0.363,159,368,0.43200000000000005,0.496,146,179,0.816,18,241,259,210,77,16,102,161,986
373,Will Barton,SG,3533333,USA,26,DEN,60,19,1705,15.5,0.547,0.353,0.285,3.8,12.8,8.4,17.7,1.4,1.3,11.5,21.1,2.5,0.8,3.3,0.09300000000000001,1.3,-1.0,0.3,1.0,295,666,0.44299999999999995,87,235,0.37,208,431,0.483,0.508,143,190,0.753,58,200,258,206,48,28,97,110,820
374,Willie Cauley-Stein,C,3704160,USA,23,SAC,75,21,1421,16.4,0.5579999999999999,0.004,0.314,7.0,20.5,13.8,9.4,1.9,2.9,11.2,19.6,1.4,1.5,3.0,0.1,-2.0,0.9,-1.1,0.3,255,481,0.53,0,2,0.0,255,479,0.532,0.53,101,151,0.669,85,255,340,80,53,45,69,147,611
375,Willie Reed,C,1577230,USA,26,MIA,71,5,1031,17.1,0.578,0.013999999999999999,0.309,13.7,22.0,17.8,3.9,0.9,3.6,8.7,15.3,2.1,1.5,3.6,0.168,-1.3,0.7,-0.6,0.4,162,285,0.568,1,4,0.25,161,281,0.573,0.57,49,88,0.557,129,203,332,26,18,47,31,137,374
376,Willy Hernangomez,C,1435750,Spain,22,NYK,72,22,1324,18.9,0.564,0.032,0.26899999999999996,13.8,27.1,20.4,11.5,1.5,2.2,16.1,20.3,1.8,1.6,3.4,0.12300000000000001,-0.6,0.6,0.0,0.7,246,465,0.529,4,15,0.267,242,450,0.5379999999999999,0.5329999999999999,91,125,0.728,170,332,502,96,41,36,100,150,587
377,Wilson Chandler,SF,12016854,USA,29,DEN,71,33,2197,14.9,0.545,0.34700000000000003,0.207,5.2,17.7,11.5,9.8,1.2,1.1,10.0,22.0,2.4,1.1,3.6,0.078,0.5,-1.3,-0.8,0.7,433,939,0.461,110,326,0.337,323,613,0.527,0.52,141,194,0.727,103,356,459,141,52,30,114,172,1117
378,Yogi Ferrell,PG,1312611,USA,23,TOT,46,29,1197,13.1,0.5329999999999999,0.447,0.226,1.8,9.2,5.3,23.2,1.8,0.7,13.9,19.6,0.8,1.0,1.8,0.07200000000000001,-0.1,-0.7,-0.7,0.4,160,394,0.406,68,176,0.386,92,218,0.42200000000000004,0.49200000000000005,74,89,0.831,20,91,111,172,42,9,70,90,462
379,Zach LaVine,SG,3202217,USA,21,MIN,47,47,1749,14.6,0.5760000000000001,0.43700000000000006,0.19699999999999998,1.2,9.5,5.3,12.6,1.2,0.5,9.9,21.7,2.5,0.4,3.0,0.08199999999999999,2.1,-2.4,-0.3,0.8,326,710,0.45899999999999996,120,310,0.387,206,400,0.515,0.544,117,140,0.836,18,141,159,139,41,10,85,104,889
380,Zach Randolph,PF,12307692,USA,35,MEM,73,5,1786,18.5,0.49,0.098,0.2,11.3,27.4,19.1,13.5,1.1,0.5,8.6,29.2,0.8,2.4,3.2,0.086,-1.4,-0.7,-2.1,0.0,433,964,0.449,21,94,0.223,412,870,0.474,0.46,141,193,0.731,182,416,598,122,38,10,99,136,1028
381,Zaza Pachulia,C,3477600,Georgia,32,GSW,70,70,1268,16.1,0.588,0.006999999999999999,0.41,12.9,22.0,17.7,13.6,2.2,2.0,19.5,15.3,2.2,2.5,4.7,0.177,-0.3,3.0,2.7,1.5,164,307,0.534,0,2,0.0,164,305,0.5379999999999999,0.534,98,126,0.778,140,270,410,132,59,33,88,166,426
